driver,stint,lap,car,lapTime,fuelCorrectedLaptime,calcElapsedTime,calcTimeToLeader,calcGapToLeader,lapsBehind,carLapAsRaceLap,stopCount,stopTime,stoppingLap,totalStopTime,tyres,leaderTimedelta
T. GLOCK,1,1,24,130.928,125.308,130.928,16.305,16.305,0,1,0,0,0,0,,16.305
T. GLOCK,1,2,24,117.849,112.339,248.777,23.23,23.23,0,2,0,0,0,0,,6.925
T. GLOCK,1,3,24,117.798,112.398,366.575,30.19,30.19,0,3,0,0,0,0,,6.96
T. GLOCK,1,4,24,116.833,111.543,483.408,36.01,36.01,0,4,0,0,0,0,,5.82
T. GLOCK,1,5,24,116.888,111.709,600.296,41.477,41.477,0,5,0,0,0,0,,5.467
T. GLOCK,1,6,24,116.147,111.078,716.443,45.932,45.932,0,6,0,0,0,0,,4.455
T. GLOCK,1,7,24,116.006,111.047,832.449,50.615,50.615,0,7,0,0,0,0,,4.683
T. GLOCK,1,8,24,115.938,111.089,948.387,55.614,55.614,0,8,0,0,0,0,,4.999
T. GLOCK,1,9,24,115.582,110.843,1063.969,60.686,60.686,0,9,0,0,0,0,,5.072
T. GLOCK,1,10,24,115.931,111.303,1179.9,66.246,66.246,0,10,0,0,0,0,,5.56
T. GLOCK,1,11,24,111.648,107.13,1291.548,67.594,67.594,0,11,1,25.416,1,25.416,,1.348
T. GLOCK,2,12,24,135.44,131.032,1426.988,92.869,92.869,0,12,1,0,0,25.416,,25.275
T. GLOCK,2,13,24,115.729,111.431,1542.717,101.215,101.215,0,13,1,0,0,25.416,,8.346
T. GLOCK,2,14,24,110.072,105.884,1652.789,82.551,82.551,0,14,1,0,0,25.416,,-18.664
T. GLOCK,2,15,24,108.548,104.471,1761.337,86.482,86.482,0,15,1,0,0,25.416,,3.931
T. GLOCK,2,16,24,107.307,103.34,1868.644,92.117,92.117,0,16,1,0,0,25.416,,5.635
T. GLOCK,2,17,24,105.985,102.128,1974.629,96.547,96.547,0,17,1,0,0,25.416,,4.43
T. GLOCK,2,18,24,108.28,104.533,2082.909,4.435,104.725,1,19,1,0,0,25.416,,7.99
T. GLOCK,2,19,24,107.123,103.486,2190.032,11.646,111.558,1,20,1,0,0,25.416,,7.211
T. GLOCK,2,20,24,106.914,103.388,2296.946,19.243,118.56,1,21,1,0,0,25.416,,7.597
T. GLOCK,2,21,24,104.348,100.932,2401.294,24.103,123.591,1,22,1,0,0,25.416,,4.86
T. GLOCK,2,22,24,103.011,99.705,2504.305,27.904,127.114,1,23,1,0,0,25.416,,3.801
T. GLOCK,2,23,24,103.098,99.902,2607.403,31.954,131.002,1,24,1,0,0,25.416,,4.05
T. GLOCK,2,24,24,102.423,99.337,2709.826,35.559,134.377,1,25,1,0,0,25.416,,3.605
T. GLOCK,2,25,24,101.885,98.91,2811.711,38.915,137.444,1,26,1,0,0,25.416,,3.356
T. GLOCK,2,26,24,104.81,101.945,2916.521,47.623,143.725,1,27,1,0,0,25.416,,8.708
T. GLOCK,2,27,24,103.173,100.418,3019.694,28.945,145.547,1,28,1,0,0,25.416,,-13.429
T. GLOCK,2,28,24,102.369,99.724,3122.063,34.245,131.314,1,29,1,0,0,25.416,,5.3
T. GLOCK,2,29,24,102.156,99.621,3224.219,39.598,136.401,1,30,1,0,0,25.416,,5.353
T. GLOCK,2,30,24,98.275,95.851,3322.494,41.751,137.873,1,31,2,24.959,1,50.375,,2.153
T. GLOCK,3,31,24,124.892,122.578,3447.386,70.874,166.643,1,32,2,0,0,50.375,,29.123
T. GLOCK,3,32,24,100.821,98.617,3548.207,75.367,171.695,1,33,2,0,0,50.375,,4.493
T. GLOCK,3,33,24,99.904,97.81,3648.111,78.649,175.271,1,34,2,0,0,50.375,,3.282
T. GLOCK,3,34,24,100.067,98.083,3748.178,81.244,178.716,1,35,2,0,0,50.375,,2.595
T. GLOCK,3,35,24,100.898,99.025,3849.076,86.024,182.142,1,36,2,0,0,50.375,,4.78
T. GLOCK,3,36,24,100.416,98.653,3949.492,90.025,186.44,1,37,2,0,0,50.375,,4.001
T. GLOCK,3,37,24,99.846,98.193,4049.338,93.161,189.871,1,38,2,0,0,50.375,,3.136
T. GLOCK,3,38,24,100.038,98.495,4149.376,99.808,193.199,1,39,2,0,0,50.375,,6.647
T. GLOCK,3,39,24,101.726,100.293,4251.102,88.157,201.534,1,40,2,0,0,50.375,,-11.651
T. GLOCK,3,40,24,100.999,99.677,4352.101,94.248,189.156,1,41,2,0,0,50.375,,6.091
T. GLOCK,3,41,24,101.96,100.748,4454.061,4.994,196.208,2,43,2,0,0,50.375,,6.08
T. GLOCK,3,42,24,100.182,99.08,4554.243,9.468,201.056,2,44,2,0,0,50.375,,4.474
T. GLOCK,3,43,24,99.849,98.857,4654.092,13.577,205.025,2,45,2,0,0,50.375,,4.109
T. GLOCK,3,44,24,103.448,102.566,4757.54,21.191,212.765,2,46,2,0,0,50.375,,7.614
T. GLOCK,3,45,24,103.218,102.447,4860.758,28.248,220.243,2,47,2,0,0,50.375,,7.057
T. GLOCK,3,46,24,103.003,102.342,4963.761,35.8,227.412,2,48,2,0,0,50.375,,7.552
T. GLOCK,3,47,24,101.837,101.286,5065.598,41.302,233.088,2,49,2,0,0,50.375,,5.502
T. GLOCK,3,48,24,100.847,100.406,5166.445,45.266,238.484,2,50,2,0,0,50.375,,3.964
T. GLOCK,3,49,24,99.811,99.48,5266.256,47.011,241.96,2,51,2,0,0,50.375,,1.745
T. GLOCK,3,50,24,102.202,101.982,5368.458,47.262,247.279,2,52,2,0,0,50.375,,0.251
J. D'AMBROSIO,1,1,25,132.334,126.714,132.334,17.711,17.711,0,1,0,0,0,0,,17.711
J. D'AMBROSIO,1,2,25,120.009,114.499,252.343,26.796,26.796,0,2,0,0,0,0,,9.085
J. D'AMBROSIO,1,3,25,119.094,113.694,371.437,35.052,35.052,0,3,0,0,0,0,,8.256
J. D'AMBROSIO,1,4,25,118.462,113.172,489.899,42.501,42.501,0,4,0,0,0,0,,7.449
J. D'AMBROSIO,1,5,25,119.051,113.872,608.95,50.131,50.131,0,5,0,0,0,0,,7.63
J. D'AMBROSIO,1,6,25,118.241,113.172,727.191,56.68,56.68,0,6,0,0,0,0,,6.549
J. D'AMBROSIO,1,7,25,118.289,113.33,845.48,63.646,63.646,0,7,0,0,0,0,,6.966
J. D'AMBROSIO,1,8,25,117.898,113.049,963.378,70.605,70.605,0,8,0,0,0,0,,6.959
J. D'AMBROSIO,1,9,25,117.808,113.069,1081.186,77.903,77.903,0,9,0,0,0,0,,7.298
J. D'AMBROSIO,1,10,25,117.542,112.914,1198.728,85.074,85.074,0,10,0,0,0,0,,7.171
J. D'AMBROSIO,1,11,25,114.638,110.12,1313.366,89.412,89.412,0,11,1,28.742,1,28.742,,4.338
J. D'AMBROSIO,2,12,25,137.782,133.374,1451.148,9.646,117.029,1,13,1,0,0,28.742,,30.399
J. D'AMBROSIO,2,13,25,109.502,105.204,1560.65,119.148,119.148,0,13,1,0,0,28.742,,2.119
J. D'AMBROSIO,2,14,25,107.75,103.562,1668.4,98.162,98.162,0,14,1,0,0,28.742,,-20.986
J. D'AMBROSIO,2,15,25,106.557,102.48,1774.957,100.102,100.102,0,15,1,0,0,28.742,,1.94
J. D'AMBROSIO,2,16,25,107.419,103.452,1882.376,4.294,105.849,1,17,1,0,0,28.742,,5.864
J. D'AMBROSIO,2,17,25,107.074,103.217,1989.45,11.266,111.368,1,18,1,0,0,28.742,,6.972
J. D'AMBROSIO,2,18,25,107.319,103.572,2096.769,18.295,118.585,1,19,1,0,0,28.742,,7.029
J. D'AMBROSIO,2,19,25,105.928,102.291,2202.697,24.311,124.223,1,20,1,0,0,28.742,,6.016
J. D'AMBROSIO,2,20,25,103.95,100.424,2306.647,28.944,128.261,1,21,1,0,0,28.742,,4.633
J. D'AMBROSIO,2,21,25,103.632,100.216,2410.279,33.088,132.576,1,22,1,0,0,28.742,,4.144
J. D'AMBROSIO,2,22,25,108.328,105.022,2518.607,42.206,141.416,1,23,1,0,0,28.742,,9.118
J. D'AMBROSIO,2,23,25,103.148,99.952,2621.755,46.306,145.354,1,24,1,0,0,28.742,,4.1
J. D'AMBROSIO,2,24,25,102.51,99.424,2724.265,49.998,148.816,1,25,1,0,0,28.742,,3.692
J. D'AMBROSIO,2,25,25,102.531,99.556,2826.796,54,152.529,1,26,1,0,0,28.742,,4.002
J. D'AMBROSIO,2,26,25,107.422,104.557,2934.218,65.32,161.422,1,27,1,0,0,28.742,,11.32
J. D'AMBROSIO,2,27,25,103.926,101.171,3038.144,47.395,163.997,1,28,1,0,0,28.742,,-12.676
J. D'AMBROSIO,2,28,25,100.224,97.579,3138.368,50.55,147.619,1,29,2,25.428,1,54.17,,3.155
J. D'AMBROSIO,3,29,25,121.34,118.805,3259.708,75.087,171.89,1,30,2,0,0,54.17,,24.537
J. D'AMBROSIO,3,30,25,100.56,98.136,3360.268,79.525,175.647,1,31,2,0,0,54.17,,4.438
J. D'AMBROSIO,3,31,25,100.836,98.522,3461.104,84.592,180.361,1,32,2,0,0,54.17,,5.067
J. D'AMBROSIO,3,32,25,101.004,98.8,3562.108,89.268,185.596,1,33,2,0,0,54.17,,4.676
J. D'AMBROSIO,3,33,25,100.875,98.781,3662.983,93.521,190.143,1,34,2,0,0,54.17,,4.253
J. D'AMBROSIO,3,34,25,102.028,100.044,3765.011,1.959,195.549,2,36,2,0,0,54.17,,5.91
J. D'AMBROSIO,3,35,25,101.197,99.324,3866.208,6.741,199.274,2,37,2,0,0,54.17,,4.782
J. D'AMBROSIO,3,36,25,101.249,99.486,3967.457,11.28,204.405,2,38,2,0,0,54.17,,4.539
J. D'AMBROSIO,3,37,25,101.056,99.403,4068.513,18.945,209.046,2,39,2,0,0,54.17,,7.665
J. D'AMBROSIO,3,38,25,100.83,99.287,4169.343,6.398,213.166,2,40,2,0,0,54.17,,-12.547
J. D'AMBROSIO,3,39,25,101.026,99.593,4270.369,12.516,220.801,2,41,2,0,0,54.17,,6.118
J. D'AMBROSIO,3,40,25,104.075,102.753,4374.444,21.257,211.499,2,42,2,0,0,54.17,,8.741
J. D'AMBROSIO,3,41,25,101.122,99.91,4475.566,26.499,217.713,2,43,2,0,0,54.17,,5.242
J. D'AMBROSIO,3,42,25,101.411,100.309,4576.977,32.202,223.79,2,44,2,0,0,54.17,,5.703
J. D'AMBROSIO,3,43,25,102.346,101.354,4679.323,38.808,230.256,2,45,2,0,0,54.17,,6.606
J. D'AMBROSIO,3,44,25,101.777,100.895,4781.1,44.751,236.325,2,46,2,0,0,54.17,,5.943
J. D'AMBROSIO,3,45,25,103.212,102.441,4884.312,51.802,243.797,2,47,2,0,0,54.17,,7.051
J. D'AMBROSIO,3,46,25,103.487,102.826,4987.799,59.838,251.45,2,48,2,0,0,54.17,,8.036
J. D'AMBROSIO,3,47,25,102.025,101.474,5089.824,65.528,257.314,2,49,2,0,0,54.17,,5.69
J. D'AMBROSIO,3,48,25,101.688,101.247,5191.512,70.333,263.551,2,50,2,0,0,54.17,,4.805
J. D'AMBROSIO,3,49,25,101.434,101.103,5292.946,73.701,268.65,2,51,2,0,0,54.17,,3.368
J. D'AMBROSIO,3,50,25,102.435,102.215,5395.381,74.185,274.202,2,52,2,0,0,54.17,,0.484
H. KOVALAINEN,1,1,20,129.778,124.158,129.778,15.155,15.155,0,1,0,0,0,0,,15.155
H. KOVALAINEN,1,2,20,130.404,124.894,260.182,34.635,34.635,0,2,0,0,0,0,,19.48
J. TRULLI,1,1,21,131.753,126.133,131.753,17.13,17.13,0,1,0,0,0,0,,17.13
J. TRULLI,1,2,21,119.282,113.772,251.035,25.488,25.488,0,2,0,0,0,0,,8.358
J. TRULLI,1,3,21,118.269,112.869,369.304,32.919,32.919,0,3,0,0,0,0,,7.431
J. TRULLI,1,4,21,116.521,111.231,485.825,38.427,38.427,0,4,0,0,0,0,,5.508
J. TRULLI,1,5,21,116.186,111.007,602.011,43.192,43.192,0,5,0,0,0,0,,4.765
J. TRULLI,1,6,21,116.412,111.343,718.423,47.912,47.912,0,6,0,0,0,0,,4.72
J. TRULLI,1,7,21,116.1,111.141,834.523,52.689,52.689,0,7,0,0,0,0,,4.777
J. TRULLI,1,8,21,115.923,111.074,950.446,57.673,57.673,0,8,0,0,0,0,,4.984
J. TRULLI,1,9,21,115.491,110.752,1065.937,62.654,62.654,0,9,0,0,0,0,,4.981
J. TRULLI,1,10,21,115.981,111.353,1181.918,68.264,68.264,0,10,0,0,0,0,,5.61
D. RICCIARDO,1,1,22,133.431,127.811,133.431,18.808,18.808,0,1,0,0,0,0,,18.808
D. RICCIARDO,1,2,22,119.855,114.345,253.286,27.739,27.739,0,2,0,0,0,0,,8.931
D. RICCIARDO,1,3,22,119.529,114.129,372.815,36.43,36.43,0,3,0,0,0,0,,8.691
D. RICCIARDO,1,4,22,118.696,113.406,491.511,44.113,44.113,0,4,0,0,0,0,,7.683
D. RICCIARDO,1,5,22,119.303,114.124,610.814,51.995,51.995,0,5,0,0,0,0,,7.882
D. RICCIARDO,1,6,22,119.128,114.059,729.942,59.431,59.431,0,6,0,0,0,0,,7.436
D. RICCIARDO,1,7,22,119.363,114.404,849.305,67.471,67.471,0,7,0,0,0,0,,8.04
D. RICCIARDO,1,8,22,119.29,114.441,968.595,75.822,75.822,0,8,0,0,0,0,,8.351
D. RICCIARDO,1,9,22,118.093,113.354,1086.688,83.405,83.405,0,9,0,0,0,0,,7.583
D. RICCIARDO,1,10,22,118.469,113.841,1205.157,91.503,91.503,0,10,0,0,0,0,,8.098
D. RICCIARDO,1,11,22,117.99,113.472,1323.147,99.193,99.193,0,11,0,0,0,0,,7.69
D. RICCIARDO,1,12,22,113.028,108.62,1436.175,102.056,102.056,0,12,1,25.872,1,25.872,,2.863
D. RICCIARDO,2,13,22,136.715,132.417,1572.89,2.652,131.388,1,14,1,0,0,25.872,,7.979
D. RICCIARDO,2,14,22,118.527,114.339,1691.417,16.562,121.179,1,15,1,0,0,25.872,,13.91
D. RICCIARDO,2,15,22,108.743,104.666,1800.16,23.633,125.305,1,16,1,0,0,25.872,,7.071
D. RICCIARDO,2,16,22,110.918,106.951,1911.078,32.996,134.551,1,17,1,0,0,25.872,,9.363
D. RICCIARDO,2,17,22,109.399,105.542,2020.477,42.293,142.395,1,18,1,0,0,25.872,,9.297
D. RICCIARDO,2,18,22,117.36,113.613,2137.837,59.363,159.653,1,19,1,0,0,25.872,,17.07
D. RICCIARDO,2,19,22,106.59,102.953,2244.427,66.041,165.953,1,20,1,0,0,25.872,,6.678
D. RICCIARDO,2,20,22,104.584,101.058,2349.011,71.308,170.625,1,21,1,0,0,25.872,,5.267
D. RICCIARDO,2,21,22,108.139,104.723,2457.15,79.959,179.447,1,22,1,0,0,25.872,,8.651
D. RICCIARDO,2,22,22,104.157,100.851,2561.307,84.906,184.116,1,23,1,0,0,25.872,,4.947
D. RICCIARDO,2,23,22,103.643,100.447,2664.95,89.501,188.549,1,24,1,0,0,25.872,,4.595
D. RICCIARDO,2,24,22,103.535,100.449,2768.485,94.218,193.036,1,25,1,0,0,25.872,,4.717
D. RICCIARDO,2,25,22,105.261,102.286,2873.746,4.848,199.479,2,27,1,0,0,25.872,,9.159
D. RICCIARDO,2,26,22,103.668,100.803,2977.414,108.516,204.618,1,27,1,0,0,25.872,,7.566
D. RICCIARDO,2,27,22,103.125,100.37,3080.539,89.79,206.392,1,28,1,0,0,25.872,,-13.477
D. RICCIARDO,2,28,22,101.487,98.842,3182.026,94.208,191.277,1,29,2,26.942,1,52.814,,4.418
D. RICCIARDO,3,29,22,123.688,121.153,3305.714,24.971,217.896,2,31,2,0,0,52.814,,27.566
D. RICCIARDO,3,30,22,100.91,98.486,3406.624,30.112,222.003,2,32,2,0,0,52.814,,5.141
D. RICCIARDO,3,31,22,101.316,99.002,3507.94,35.1,227.197,2,33,2,0,0,52.814,,4.988
D. RICCIARDO,3,32,22,102.418,100.214,3610.358,40.896,233.846,2,34,2,0,0,52.814,,5.796
D. RICCIARDO,3,33,22,101.455,99.361,3711.813,44.879,238.973,2,35,2,0,0,52.814,,3.983
D. RICCIARDO,3,34,22,103.991,102.007,3815.804,52.752,246.342,2,36,2,0,0,52.814,,7.873
D. RICCIARDO,3,35,22,101.78,99.907,3917.584,58.117,250.65,2,37,2,0,0,52.814,,5.365
D. RICCIARDO,3,36,22,103.051,101.288,4020.635,64.458,257.583,2,38,2,0,0,52.814,,6.341
D. RICCIARDO,3,37,22,101.889,100.236,4122.524,72.956,263.057,2,39,2,0,0,52.814,,8.498
D. RICCIARDO,3,38,22,106.692,105.149,4229.216,66.271,273.039,2,40,2,0,0,52.814,,-6.685
D. RICCIARDO,3,39,22,104.063,102.63,4333.279,75.426,283.711,2,41,2,0,0,52.814,,9.155
D. RICCIARDO,3,40,22,103.54,102.218,4436.819,83.632,273.874,2,42,2,0,0,52.814,,8.206
D. RICCIARDO,3,41,22,102.049,100.837,4538.868,89.801,281.015,2,43,2,0,0,52.814,,6.169
D. RICCIARDO,3,42,22,104.301,103.199,4643.169,2.654,289.982,3,45,2,0,0,52.814,,8.561
D. RICCIARDO,3,43,22,102.514,101.522,4745.683,9.334,296.616,3,46,2,0,0,52.814,,6.68
D. RICCIARDO,3,44,22,103.863,102.981,4849.546,17.036,304.771,3,47,2,0,0,52.814,,7.702
D. RICCIARDO,3,45,22,108.339,107.568,4957.885,29.924,317.37,3,48,2,0,0,52.814,,12.888
D. RICCIARDO,3,46,22,106.718,106.057,5064.603,40.307,328.254,3,49,2,0,0,52.814,,10.383
D. RICCIARDO,3,47,22,106.006,105.455,5170.609,49.43,338.099,3,50,2,0,0,52.814,,9.123
D. RICCIARDO,3,48,22,106.247,105.806,5276.856,57.611,348.895,3,51,2,0,0,52.814,,8.181
D. RICCIARDO,3,49,22,106.61,106.279,5383.466,62.27,359.17,3,52,2,0,0,52.814,,4.659
V. LIUZZI,1,1,23,131.41,125.79,131.41,16.787,16.787,0,1,0,0,0,0,,16.787
V. LIUZZI,1,2,23,119.186,113.676,250.596,25.049,25.049,0,2,0,0,0,0,,8.262
V. LIUZZI,1,3,23,119.494,114.094,370.09,33.705,33.705,0,3,0,0,0,0,,8.656
V. LIUZZI,1,4,23,119.019,113.729,489.109,41.711,41.711,0,4,0,0,0,0,,8.006
V. LIUZZI,1,5,23,119.128,113.949,608.237,49.418,49.418,0,5,0,0,0,0,,7.707
V. LIUZZI,1,6,23,118.22,113.151,726.457,55.946,55.946,0,6,0,0,0,0,,6.528
V. LIUZZI,1,7,23,117.816,112.857,844.273,62.439,62.439,0,7,0,0,0,0,,6.493
V. LIUZZI,1,8,23,118.156,113.307,962.429,69.656,69.656,0,8,0,0,0,0,,7.217
V. LIUZZI,1,9,23,117.782,113.043,1080.211,76.928,76.928,0,9,0,0,0,0,,7.272
V. LIUZZI,1,10,23,117.575,112.947,1197.786,84.132,84.132,0,10,0,0,0,0,,7.204
V. LIUZZI,1,11,23,114.12,109.602,1311.906,87.952,87.952,0,11,1,26.643,1,26.643,,3.82
V. LIUZZI,2,12,23,137.424,133.016,1449.33,7.828,115.211,1,13,1,0,0,26.643,,30.041
V. LIUZZI,2,13,23,109.779,105.481,1559.109,117.607,117.607,0,13,1,0,0,26.643,,2.396
V. LIUZZI,2,14,23,107.537,103.349,1666.646,96.408,96.408,0,14,1,0,0,26.643,,-21.199
V. LIUZZI,2,15,23,107.034,102.957,1773.68,98.825,98.825,0,15,1,0,0,26.643,,2.417
V. LIUZZI,2,16,23,107.976,104.009,1881.656,3.574,105.129,1,17,1,0,0,26.643,,6.421
V. LIUZZI,2,17,23,107.063,103.206,1988.719,10.535,110.637,1,18,1,0,0,26.643,,6.961
V. LIUZZI,2,18,23,106.729,102.982,2095.448,16.974,117.264,1,19,1,0,0,26.643,,6.439
V. LIUZZI,2,19,23,107.824,104.187,2203.272,24.886,124.798,1,20,1,0,0,26.643,,7.912
V. LIUZZI,2,20,23,104.167,100.641,2307.439,29.736,129.053,1,21,1,0,0,26.643,,4.85
V. LIUZZI,2,21,23,105.265,101.849,2412.704,35.513,135.001,1,22,1,0,0,26.643,,5.777
V. LIUZZI,2,22,23,106.233,102.927,2518.937,42.536,141.746,1,23,1,0,0,26.643,,7.023
V. LIUZZI,2,23,23,103.498,100.302,2622.435,46.986,146.034,1,24,1,0,0,26.643,,4.45
V. LIUZZI,2,24,23,102.866,99.78,2725.301,51.034,149.852,1,25,1,0,0,26.643,,4.048
V. LIUZZI,2,25,23,104.309,101.334,2829.61,56.814,155.343,1,26,1,0,0,26.643,,5.78
V. LIUZZI,2,26,23,106.693,103.828,2936.303,67.405,163.507,1,27,1,0,0,26.643,,10.591
V. LIUZZI,2,27,23,103.112,100.357,3039.415,48.666,165.268,1,28,1,0,0,26.643,,-13.49
V. LIUZZI,2,28,23,102.33,99.685,3141.745,53.927,150.996,1,29,1,0,0,26.643,,5.261
V. LIUZZI,2,29,23,103.572,101.037,3245.317,60.696,157.499,1,30,1,0,0,26.643,,6.769
V. LIUZZI,2,30,23,103.295,100.871,3348.612,67.869,163.991,1,31,1,0,0,26.643,,7.173
V. LIUZZI,2,31,23,99.117,96.803,3447.729,71.217,166.986,1,32,2,25.505,1,52.148,,3.348
V. LIUZZI,3,32,23,120.897,118.693,3568.626,95.786,192.114,1,33,2,0,0,52.148,,24.569
V. LIUZZI,3,33,23,101.78,99.686,3670.406,3.472,197.566,2,35,2,0,0,52.148,,4.308
V. LIUZZI,3,34,23,100.838,98.854,3771.244,8.192,201.782,2,36,2,0,0,52.148,,4.72
V. LIUZZI,3,35,23,100.74,98.867,3871.984,12.517,205.05,2,37,2,0,0,52.148,,4.325
V. LIUZZI,3,36,23,102.322,100.559,3974.306,18.129,211.254,2,38,2,0,0,52.148,,5.612
V. LIUZZI,3,37,23,101.149,99.496,4075.455,25.887,215.988,2,39,2,0,0,52.148,,7.758
V. LIUZZI,3,38,23,104.476,102.933,4179.931,16.986,223.754,2,40,2,0,0,52.148,,-8.901
V. LIUZZI,3,39,23,102.86,101.427,4282.791,24.938,233.223,2,41,2,0,0,52.148,,7.952
V. LIUZZI,3,40,23,100.524,99.202,4383.315,30.128,220.37,2,42,2,0,0,52.148,,5.19
V. LIUZZI,3,41,23,103.433,102.221,4486.748,37.681,228.895,2,43,2,0,0,52.148,,7.553
V. LIUZZI,3,42,23,101.134,100.032,4587.882,43.107,234.695,2,44,2,0,0,52.148,,5.426
V. LIUZZI,3,43,23,100.647,99.655,4688.529,48.014,239.462,2,45,2,0,0,52.148,,4.907
V. LIUZZI,3,44,23,102.04,101.158,4790.569,54.22,245.794,2,46,2,0,0,52.148,,6.206
V. LIUZZI,3,45,23,100.835,100.064,4891.404,58.894,250.889,2,47,2,0,0,52.148,,4.674
V. LIUZZI,3,46,23,100.612,99.951,4992.016,64.055,255.667,2,48,2,0,0,52.148,,5.161
V. LIUZZI,3,47,23,100.755,100.204,5092.771,68.475,260.261,2,49,2,0,0,52.148,,4.42
V. LIUZZI,3,48,23,100.941,100.5,5193.712,72.533,265.751,2,50,2,0,0,52.148,,4.058
V. LIUZZI,3,49,23,101.87,101.539,5295.582,76.337,271.286,2,51,2,0,0,52.148,,3.804
V. LIUZZI,3,50,23,107.559,107.339,5403.141,81.945,281.962,2,52,2,0,0,52.148,,5.608
S. VETTEL,1,1,1,114.623,109.003,114.623,0,0,0,1,0,0,0,0,,0
S. VETTEL,1,2,1,110.924,105.414,225.547,0,0,0,2,0,0,0,0,,0
S. VETTEL,1,3,1,110.838,105.438,336.385,0,0,0,3,0,0,0,0,,0
S. VETTEL,1,4,1,111.013,105.723,447.398,0,0,0,4,0,0,0,0,,0
S. VETTEL,1,5,1,111.421,106.242,558.819,0,0,0,5,0,0,0,0,,0
S. VETTEL,1,6,1,111.692,106.623,670.511,0,0,0,6,0,0,0,0,,0
S. VETTEL,1,7,1,111.323,106.364,781.834,0,0,0,7,0,0,0,0,,0
S. VETTEL,1,8,1,110.939,106.09,892.773,0,0,0,8,0,0,0,0,,0
S. VETTEL,1,9,1,110.51,105.771,1003.283,0,0,0,9,0,0,0,0,,0
S. VETTEL,1,10,1,110.371,105.743,1113.654,0,0,0,10,0,0,0,0,,0
S. VETTEL,1,11,1,110.3,105.782,1223.954,0,0,0,11,0,0,0,0,,0
S. VETTEL,1,12,1,110.165,105.757,1334.119,0,0,0,12,0,0,0,0,,0
S. VETTEL,1,13,1,107.383,103.085,1441.502,0,0,0,13,1,24.818,1,24.818,,0
S. VETTEL,2,14,1,128.736,124.548,1570.238,0,0,0,14,1,0,0,24.818,,0
S. VETTEL,2,15,1,104.617,100.54,1674.855,0,0,0,15,1,0,0,24.818,,0
S. VETTEL,2,16,1,101.672,97.705,1776.527,0,0,0,16,1,0,0,24.818,,0
S. VETTEL,2,17,1,101.555,97.698,1878.082,0,0,0,17,1,0,0,24.818,,0
S. VETTEL,2,18,1,100.102,96.355,1978.184,0,0,0,18,1,0,0,24.818,,0
S. VETTEL,2,19,1,100.29,96.653,2078.474,0,0,0,19,1,0,0,24.818,,0
S. VETTEL,2,20,1,99.912,96.386,2178.386,0,0,0,20,1,0,0,24.818,,0
S. VETTEL,2,21,1,99.317,95.901,2277.703,0,0,0,21,1,0,0,24.818,,0
S. VETTEL,2,22,1,99.488,96.182,2377.191,0,0,0,22,1,0,0,24.818,,0
S. VETTEL,2,23,1,99.21,96.014,2476.401,0,0,0,23,1,0,0,24.818,,0
S. VETTEL,2,24,1,99.048,95.962,2575.449,0,0,0,24,1,0,0,24.818,,0
S. VETTEL,2,25,1,98.818,95.843,2674.267,0,0,0,25,1,0,0,24.818,,0
S. VETTEL,2,26,1,98.529,95.664,2772.796,0,0,0,26,1,0,0,24.818,,0
S. VETTEL,2,27,1,96.102,93.347,2868.898,0,0,0,27,2,31.558,1,56.376,,0
S. VETTEL,3,28,1,124.626,121.981,2993.524,2.775,2.775,0,28,2,0,0,56.376,,8.024
S. VETTEL,3,29,1,97.346,94.811,3090.87,3.052,3.052,0,29,2,0,0,56.376,,0.277
S. VETTEL,3,30,1,97.756,95.332,3188.626,4.005,4.005,0,30,2,0,0,56.376,,0.953
S. VETTEL,3,31,1,97.852,95.538,3286.478,5.735,5.735,0,31,2,0,0,56.376,,1.73
S. VETTEL,3,32,1,97.464,95.26,3383.942,7.43,7.43,0,32,2,0,0,56.376,,1.695
S. VETTEL,3,33,1,97.884,95.79,3481.826,8.986,8.986,0,33,2,0,0,56.376,,1.556
S. VETTEL,3,34,1,97.871,95.887,3579.697,10.235,10.235,0,34,2,0,0,56.376,,1.249
S. VETTEL,3,35,1,97.572,95.699,3677.269,10.335,10.335,0,35,2,0,0,56.376,,0.1
S. VETTEL,3,36,1,94.551,92.788,3771.82,8.768,8.768,0,36,3,23.137,1,79.513,,-1.567
S. VETTEL,4,37,1,113.211,111.558,3885.031,25.564,25.564,0,37,3,0,0,79.513,,16.796
S. VETTEL,4,38,1,95.565,94.022,3980.596,24.419,24.419,0,38,3,0,0,79.513,,-1.145
S. VETTEL,4,39,1,96.247,94.814,4076.843,27.275,27.275,0,39,3,0,0,79.513,,2.856
S. VETTEL,4,40,1,96.419,95.097,4173.262,10.317,10.317,0,40,3,0,0,79.513,,-16.958
S. VETTEL,4,41,1,97.229,96.017,4270.491,12.638,12.638,0,41,3,0,0,79.513,,2.321
S. VETTEL,4,42,1,96.853,95.751,4367.344,14.157,14.157,0,42,3,0,0,79.513,,1.519
S. VETTEL,4,43,1,96.295,95.303,4463.639,14.572,14.572,0,43,3,0,0,79.513,,0.415
S. VETTEL,4,44,1,96.38,95.498,4560.019,15.244,15.244,0,44,3,0,0,79.513,,0.672
S. VETTEL,4,45,1,96.633,95.862,4656.652,16.137,16.137,0,45,3,0,0,79.513,,0.893
S. VETTEL,4,46,1,96.764,96.103,4753.416,17.067,17.067,0,46,3,0,0,79.513,,0.93
S. VETTEL,4,47,1,96.826,96.275,4850.242,17.732,17.732,0,47,3,0,0,79.513,,0.665
S. VETTEL,4,48,1,96.782,96.341,4947.024,19.063,19.063,0,48,3,0,0,79.513,,1.331
S. VETTEL,4,49,1,96.738,96.407,5043.762,19.466,19.466,0,49,3,0,0,79.513,,0.403
S. VETTEL,4,50,1,97.039,96.819,5140.801,19.622,19.622,0,50,3,0,0,79.513,,0.156
S. VETTEL,4,51,1,98.385,98.275,5239.186,19.941,19.941,0,51,3,0,0,79.513,,0.319
S. VETTEL,4,52,1,98.521,98.521,5337.707,16.511,16.511,0,52,3,0,0,79.513,,-3.43
L. HAMILTON,1,1,3,120.323,114.703,120.323,5.7,5.7,0,1,0,0,0,0,,5.7
L. HAMILTON,1,2,3,112.86,107.35,233.183,7.636,7.636,0,2,0,0,0,0,,1.936
L. HAMILTON,1,3,3,111.779,106.379,344.962,8.577,8.577,0,3,0,0,0,0,,0.941
L. HAMILTON,1,4,3,114.055,108.765,459.017,11.619,11.619,0,4,0,0,0,0,,3.042
L. HAMILTON,1,5,3,112.279,107.1,571.296,12.477,12.477,0,5,0,0,0,0,,0.858
L. HAMILTON,1,6,3,112.273,107.204,683.569,13.058,13.058,0,6,0,0,0,0,,0.581
L. HAMILTON,1,7,3,111.387,106.428,794.956,13.122,13.122,0,7,0,0,0,0,,0.064
L. HAMILTON,1,8,3,110.886,106.037,905.842,13.069,13.069,0,8,0,0,0,0,,-0.053
L. HAMILTON,1,9,3,111.404,106.665,1017.246,13.963,13.963,0,9,0,0,0,0,,0.894
L. HAMILTON,1,10,3,111.461,106.833,1128.707,15.053,15.053,0,10,0,0,0,0,,1.09
L. HAMILTON,1,11,3,111.096,106.578,1239.803,15.849,15.849,0,11,0,0,0,0,,0.796
L. HAMILTON,1,12,3,108.305,103.897,1348.108,13.989,13.989,0,12,1,25.1,1,25.1,,-1.86
L. HAMILTON,2,13,3,127.002,122.704,1475.11,33.608,33.608,0,13,1,0,0,25.1,,19.619
L. HAMILTON,2,14,3,104.017,99.829,1579.127,8.889,8.889,0,14,1,0,0,25.1,,-24.719
L. HAMILTON,2,15,3,103.156,99.079,1682.283,7.428,7.428,0,15,1,0,0,25.1,,-1.461
L. HAMILTON,2,16,3,101.643,97.676,1783.926,7.399,7.399,0,16,1,0,0,25.1,,-0.029
L. HAMILTON,2,17,3,100.996,97.139,1884.922,6.84,6.84,0,17,1,0,0,25.1,,-0.559
L. HAMILTON,2,18,3,101.244,97.497,1986.166,7.982,7.982,0,18,1,0,0,25.1,,1.142
L. HAMILTON,2,19,3,99.877,96.24,2086.043,7.569,7.569,0,19,1,0,0,25.1,,-0.413
L. HAMILTON,2,20,3,99.827,96.301,2185.87,7.484,7.484,0,20,1,0,0,25.1,,-0.085
L. HAMILTON,2,21,3,99.21,95.794,2285.08,7.377,7.377,0,21,1,0,0,25.1,,-0.107
L. HAMILTON,2,22,3,99.222,95.916,2384.302,7.111,7.111,0,22,1,0,0,25.1,,-0.266
L. HAMILTON,2,23,3,99.58,96.384,2483.882,7.481,7.481,0,23,1,0,0,25.1,,0.37
L. HAMILTON,2,24,3,96.235,93.149,2580.117,4.668,4.668,0,24,2,24.065,1,49.165,,-2.813
L. HAMILTON,3,25,3,116.7,113.725,2696.817,22.55,22.55,0,25,2,0,0,49.165,,17.882
L. HAMILTON,3,26,3,97.63,94.765,2794.447,21.651,21.651,0,26,2,0,0,49.165,,-0.899
L. HAMILTON,3,27,3,98.858,96.103,2893.305,24.407,24.407,0,27,2,0,0,49.165,,2.756
L. HAMILTON,3,28,3,98.287,95.642,2991.592,0.843,0.843,0,28,2,0,0,49.165,,-18.315
L. HAMILTON,3,29,3,98.247,95.712,3089.839,2.021,2.021,0,29,2,0,0,49.165,,1.178
L. HAMILTON,3,30,3,98.016,95.592,3187.855,3.234,3.234,0,30,2,0,0,49.165,,1.213
L. HAMILTON,3,31,3,98.119,95.805,3285.974,5.231,5.231,0,31,2,0,0,49.165,,1.997
L. HAMILTON,3,32,3,97.412,95.208,3383.386,6.874,6.874,0,32,2,0,0,49.165,,1.643
L. HAMILTON,3,33,3,97.814,95.72,3481.2,8.36,8.36,0,33,2,0,0,49.165,,1.486
L. HAMILTON,3,34,3,97.726,95.742,3578.926,9.464,9.464,0,34,2,0,0,49.165,,1.104
L. HAMILTON,3,35,3,97.809,95.936,3676.735,9.801,9.801,0,35,2,0,0,49.165,,0.337
L. HAMILTON,3,36,3,98.139,96.376,3774.874,11.822,11.822,0,36,2,0,0,49.165,,2.021
L. HAMILTON,3,37,3,94.517,92.864,3869.391,9.924,9.924,0,37,3,23.34,1,72.505,,-1.898
L. HAMILTON,4,38,3,114.254,112.711,3983.645,27.468,27.468,0,38,3,0,0,72.505,,17.544
L. HAMILTON,4,39,3,96.18,94.747,4079.825,30.257,30.257,0,39,3,0,0,72.505,,2.789
L. HAMILTON,4,40,3,96.801,95.479,4176.626,13.681,13.681,0,40,3,0,0,72.505,,-16.576
L. HAMILTON,4,41,3,96.453,95.241,4273.079,15.226,15.226,0,41,3,0,0,72.505,,1.545
L. HAMILTON,4,42,3,97.309,96.207,4370.388,17.201,17.201,0,42,3,0,0,72.505,,1.975
L. HAMILTON,4,43,3,96.782,95.79,4467.17,18.103,18.103,0,43,3,0,0,72.505,,0.902
L. HAMILTON,4,44,3,97.158,96.276,4564.328,19.553,19.553,0,44,3,0,0,72.505,,1.45
L. HAMILTON,4,45,3,96.961,96.19,4661.289,20.774,20.774,0,45,3,0,0,72.505,,1.221
L. HAMILTON,4,46,3,98.494,97.833,4759.783,23.434,23.434,0,46,3,0,0,72.505,,2.66
L. HAMILTON,4,47,3,97.4,96.849,4857.183,24.673,24.673,0,47,3,0,0,72.505,,1.239
L. HAMILTON,4,48,3,98.396,97.955,4955.579,27.618,27.618,0,48,3,0,0,72.505,,2.945
L. HAMILTON,4,49,3,98.476,98.145,5054.055,29.759,29.759,0,49,3,0,0,72.505,,2.141
L. HAMILTON,4,50,3,98.255,98.035,5152.31,31.131,31.131,0,50,3,0,0,72.505,,1.372
L. HAMILTON,4,51,3,98.67,98.56,5250.98,31.735,31.735,0,51,3,0,0,72.505,,0.604
L. HAMILTON,4,52,3,99.202,99.202,5350.182,28.986,28.986,0,52,3,0,0,72.505,,-2.749
M. WEBBER,1,1,2,115.759,110.139,115.759,1.136,1.136,0,1,0,0,0,0,,1.136
M. WEBBER,1,2,2,112.126,106.616,227.885,2.338,2.338,0,2,0,0,0,0,,1.202
M. WEBBER,1,3,2,111.944,106.544,339.829,3.444,3.444,0,3,0,0,0,0,,1.106
M. WEBBER,1,4,2,111.713,106.423,451.542,4.144,4.144,0,4,0,0,0,0,,0.7
M. WEBBER,1,5,2,111.913,106.734,563.455,4.636,4.636,0,5,0,0,0,0,,0.492
M. WEBBER,1,6,2,112.539,107.47,675.994,5.483,5.483,0,6,0,0,0,0,,0.847
M. WEBBER,1,7,2,111.653,106.694,787.647,5.813,5.813,0,7,0,0,0,0,,0.33
M. WEBBER,1,8,2,112.585,107.736,900.232,7.459,7.459,0,8,0,0,0,0,,1.646
M. WEBBER,1,9,2,111.588,106.849,1011.82,8.537,8.537,0,9,0,0,0,0,,1.078
M. WEBBER,1,10,2,109.988,105.36,1121.808,8.154,8.154,0,10,0,0,0,0,,-0.383
M. WEBBER,1,11,2,110.005,105.487,1231.813,7.859,7.859,0,11,0,0,0,0,,-0.295
M. WEBBER,1,12,2,108.704,104.296,1340.517,6.398,6.398,0,12,1,23.973,1,23.973,,-1.461
M. WEBBER,2,13,2,128.194,123.896,1468.711,27.209,27.209,0,13,1,0,0,23.973,,20.811
M. WEBBER,2,14,2,104.828,100.64,1573.539,3.301,3.301,0,14,1,0,0,23.973,,-23.908
M. WEBBER,2,15,2,102.571,98.494,1676.11,1.255,1.255,0,15,1,0,0,23.973,,-2.046
M. WEBBER,2,16,2,102.018,98.051,1778.128,1.601,1.601,0,16,1,0,0,23.973,,0.346
M. WEBBER,2,17,2,102.376,98.519,1880.504,2.422,2.422,0,17,1,0,0,23.973,,0.821
M. WEBBER,2,18,2,100.891,97.144,1981.395,3.211,3.211,0,18,1,0,0,23.973,,0.789
M. WEBBER,2,19,2,100.253,96.616,2081.648,3.174,3.174,0,19,1,0,0,23.973,,-0.037
M. WEBBER,2,20,2,99.796,96.27,2181.444,3.058,3.058,0,20,1,0,0,23.973,,-0.116
M. WEBBER,2,21,2,99.882,96.466,2281.326,3.623,3.623,0,21,1,0,0,23.973,,0.565
M. WEBBER,2,22,2,100.179,96.873,2381.505,4.314,4.314,0,22,1,0,0,23.973,,0.691
M. WEBBER,2,23,2,99.299,96.103,2480.804,4.403,4.403,0,23,1,0,0,23.973,,0.089
M. WEBBER,2,24,2,98.83,95.744,2579.634,4.185,4.185,0,24,1,0,0,23.973,,-0.218
M. WEBBER,2,25,2,98.897,95.922,2678.531,4.264,4.264,0,25,1,0,0,23.973,,0.079
M. WEBBER,2,26,2,96.771,93.906,2775.302,2.506,2.506,0,26,2,25.49,1,49.463,,-1.758
M. WEBBER,3,27,2,121.532,118.777,2896.834,27.936,27.936,0,27,2,0,0,49.463,,25.43
M. WEBBER,3,28,2,98.086,95.441,2994.92,4.171,4.171,0,28,2,0,0,49.463,,-18.516
M. WEBBER,3,29,2,97.394,94.859,3092.314,4.496,4.496,0,29,2,0,0,49.463,,0.325
M. WEBBER,3,30,2,97.558,95.134,3189.872,5.251,5.251,0,30,2,0,0,49.463,,0.755
M. WEBBER,3,31,2,97.519,95.205,3287.391,6.648,6.648,0,31,2,0,0,49.463,,1.397
M. WEBBER,3,32,2,97.384,95.18,3384.775,8.263,8.263,0,32,2,0,0,49.463,,1.615
M. WEBBER,3,33,2,98.952,96.858,3483.727,10.887,10.887,0,33,2,0,0,49.463,,2.624
M. WEBBER,3,34,2,97.643,95.659,3581.37,11.908,11.908,0,34,2,0,0,49.463,,1.021
M. WEBBER,3,35,2,98.02,96.147,3679.39,12.456,12.456,0,35,2,0,0,49.463,,0.548
M. WEBBER,3,36,2,97.942,96.179,3777.332,14.28,14.28,0,36,2,0,0,49.463,,1.824
M. WEBBER,3,37,2,97.469,95.816,3874.801,15.334,15.334,0,37,2,0,0,49.463,,1.054
M. WEBBER,3,38,2,94.503,92.96,3969.304,13.127,13.127,0,38,3,23.785,1,73.248,,-2.207
M. WEBBER,4,39,2,115.078,113.645,4084.382,34.814,34.814,0,39,3,0,0,73.248,,21.687
M. WEBBER,4,40,2,95.674,94.352,4180.056,17.111,17.111,0,40,3,0,0,73.248,,-17.703
M. WEBBER,4,41,2,97.09,95.878,4277.146,19.293,19.293,0,41,3,0,0,73.248,,2.182
M. WEBBER,4,42,2,95.905,94.803,4373.051,19.864,19.864,0,42,3,0,0,73.248,,0.571
M. WEBBER,4,43,2,95.717,94.725,4468.768,19.701,19.701,0,43,3,0,0,73.248,,-0.163
M. WEBBER,4,44,2,96.276,95.394,4565.044,20.269,20.269,0,44,3,0,0,73.248,,0.568
M. WEBBER,4,45,2,96.709,95.938,4661.753,21.238,21.238,0,45,3,0,0,73.248,,0.969
M. WEBBER,4,46,2,96.358,95.697,4758.111,21.762,21.762,0,46,3,0,0,73.248,,0.524
M. WEBBER,4,47,2,96.241,95.69,4854.352,21.842,21.842,0,47,3,0,0,73.248,,0.08
M. WEBBER,4,48,2,95.843,95.402,4950.195,22.234,22.234,0,48,3,0,0,73.248,,0.392
M. WEBBER,4,49,2,95.665,95.334,5045.86,21.564,21.564,0,49,3,0,0,73.248,,-0.67
M. WEBBER,4,50,2,95.968,95.748,5141.828,20.649,20.649,0,50,3,0,0,73.248,,-0.915
M. WEBBER,4,51,2,97.879,97.769,5239.707,20.462,20.462,0,51,3,0,0,73.248,,-0.187
M. WEBBER,4,52,2,98.436,98.436,5338.143,16.947,16.947,0,52,3,0,0,73.248,,-3.515
F. ALONSO,1,1,5,118.128,112.508,118.128,3.505,3.505,0,1,0,0,0,0,,3.505
F. ALONSO,1,2,5,112.701,107.191,230.829,5.282,5.282,0,2,0,0,0,0,,1.777
F. ALONSO,1,3,5,112.088,106.688,342.917,6.532,6.532,0,3,0,0,0,0,,1.25
F. ALONSO,1,4,5,111.649,106.359,454.566,7.168,7.168,0,4,0,0,0,0,,0.636
F. ALONSO,1,5,5,112.426,107.247,566.992,8.173,8.173,0,5,0,0,0,0,,1.005
F. ALONSO,1,6,5,111.616,106.547,678.608,8.097,8.097,0,6,0,0,0,0,,-0.076
F. ALONSO,1,7,5,111.205,106.246,789.813,7.979,7.979,0,7,0,0,0,0,,-0.118
F. ALONSO,1,8,5,111.149,106.3,900.962,8.189,8.189,0,8,0,0,0,0,,0.21
F. ALONSO,1,9,5,111.596,106.857,1012.558,9.275,9.275,0,9,0,0,0,0,,1.086
F. ALONSO,1,10,5,110.589,105.961,1123.147,9.493,9.493,0,10,0,0,0,0,,0.218
F. ALONSO,1,11,5,110.512,105.994,1233.659,9.705,9.705,0,11,0,0,0,0,,0.212
F. ALONSO,1,12,5,107.628,103.22,1341.287,7.168,7.168,0,12,1,26.566,1,26.566,,-2.537
F. ALONSO,2,13,5,131.79,127.492,1473.077,31.575,31.575,0,13,1,0,0,26.566,,24.407
F. ALONSO,2,14,5,105.535,101.347,1578.612,8.374,8.374,0,14,1,0,0,26.566,,-23.201
F. ALONSO,2,15,5,104.523,100.446,1683.135,8.28,8.28,0,15,1,0,0,26.566,,-0.094
F. ALONSO,2,16,5,101.71,97.743,1784.845,8.318,8.318,0,16,1,0,0,26.566,,0.038
F. ALONSO,2,17,5,100.985,97.128,1885.83,7.748,7.748,0,17,1,0,0,26.566,,-0.57
F. ALONSO,2,18,5,101.939,98.192,1987.769,9.585,9.585,0,18,1,0,0,26.566,,1.837
F. ALONSO,2,19,5,99.881,96.244,2087.65,9.176,9.176,0,19,1,0,0,26.566,,-0.409
F. ALONSO,2,20,5,99.949,96.423,2187.599,9.213,9.213,0,20,1,0,0,26.566,,0.037
F. ALONSO,2,21,5,98.803,95.387,2286.402,8.699,8.699,0,21,1,0,0,26.566,,-0.514
F. ALONSO,2,22,5,98.761,95.455,2385.163,7.972,7.972,0,22,1,0,0,26.566,,-0.727
F. ALONSO,2,23,5,98.986,95.79,2484.149,7.748,7.748,0,23,1,0,0,26.566,,-0.224
F. ALONSO,2,24,5,98.456,95.37,2582.605,7.156,7.156,0,24,1,0,0,26.566,,-0.592
F. ALONSO,2,25,5,98.45,95.475,2681.055,6.788,6.788,0,25,1,0,0,26.566,,-0.368
F. ALONSO,2,26,5,97.541,94.676,2778.596,5.8,5.8,0,26,1,0,0,26.566,,-0.988
F. ALONSO,2,27,5,95.551,92.796,2874.147,5.249,5.249,0,27,2,23.974,1,50.54,,-0.551
F. ALONSO,3,28,5,116.602,113.957,2990.749,0,0,0,28,2,0,0,50.54,,0
F. ALONSO,3,29,5,97.069,94.534,3087.818,0,0,0,29,2,0,0,50.54,,0
F. ALONSO,3,30,5,96.803,94.379,3184.621,0,0,0,30,2,0,0,50.54,,0
F. ALONSO,3,31,5,96.122,93.808,3280.743,0,0,0,31,2,0,0,50.54,,0
F. ALONSO,3,32,5,95.769,93.565,3376.512,0,0,0,32,2,0,0,50.54,,0
F. ALONSO,3,33,5,96.328,94.234,3472.84,0,0,0,33,2,0,0,50.54,,0
F. ALONSO,3,34,5,96.622,94.638,3569.462,0,0,0,34,2,0,0,50.54,,0
F. ALONSO,3,35,5,97.472,95.599,3666.934,0,0,0,35,2,0,0,50.54,,0
F. ALONSO,3,36,5,96.118,94.355,3763.052,0,0,0,36,2,0,0,50.54,,0
F. ALONSO,3,37,5,96.415,94.762,3859.467,0,0,0,37,2,0,0,50.54,,0
F. ALONSO,3,38,5,96.71,95.167,3956.177,0,0,0,38,2,0,0,50.54,,0
F. ALONSO,3,39,5,93.391,91.958,4049.568,0,0,0,39,3,23.474,1,74.014,,0
F. ALONSO,4,40,5,113.377,112.055,4162.945,0,0,0,40,3,0,0,74.014,,0
F. ALONSO,4,41,5,94.908,93.696,4257.853,0,0,0,41,3,0,0,74.014,,0
F. ALONSO,4,42,5,95.334,94.232,4353.187,0,0,0,42,3,0,0,74.014,,0
F. ALONSO,4,43,5,95.88,94.888,4449.067,0,0,0,43,3,0,0,74.014,,0
F. ALONSO,4,44,5,95.708,94.826,4544.775,0,0,0,44,3,0,0,74.014,,0
F. ALONSO,4,45,5,95.74,94.969,4640.515,0,0,0,45,3,0,0,74.014,,0
F. ALONSO,4,46,5,95.834,95.173,4736.349,0,0,0,46,3,0,0,74.014,,0
F. ALONSO,4,47,5,96.161,95.61,4832.51,0,0,0,47,3,0,0,74.014,,0
F. ALONSO,4,48,5,95.451,95.01,4927.961,0,0,0,48,3,0,0,74.014,,0
F. ALONSO,4,49,5,96.335,96.004,5024.296,0,0,0,49,3,0,0,74.014,,0
F. ALONSO,4,50,5,96.883,96.663,5121.179,0,0,0,50,3,0,0,74.014,,0
F. ALONSO,4,51,5,98.066,97.956,5219.245,0,0,0,51,3,0,0,74.014,,0
F. ALONSO,4,52,5,101.951,101.951,5321.196,0,0,0,52,3,0,0,74.014,,0
J. BUTTON,1,1,4,119.638,114.018,119.638,5.015,5.015,0,1,0,0,0,0,,5.015
J. BUTTON,1,2,4,115.714,110.204,235.352,9.805,9.805,0,2,0,0,0,0,,4.79
J. BUTTON,1,3,4,113.023,107.623,348.375,11.99,11.99,0,3,0,0,0,0,,2.185
J. BUTTON,1,4,4,113.629,108.339,462.004,14.606,14.606,0,4,0,0,0,0,,2.616
J. BUTTON,1,5,4,112.812,107.633,574.816,15.997,15.997,0,5,0,0,0,0,,1.391
J. BUTTON,1,6,4,113.078,108.009,687.894,17.383,17.383,0,6,0,0,0,0,,1.386
J. BUTTON,1,7,4,112.975,108.016,800.869,19.035,19.035,0,7,0,0,0,0,,1.652
J. BUTTON,1,8,4,112.315,107.466,913.184,20.411,20.411,0,8,0,0,0,0,,1.376
J. BUTTON,1,9,4,111.75,107.011,1024.934,21.651,21.651,0,9,0,0,0,0,,1.24
J. BUTTON,1,10,4,111.532,106.904,1136.466,22.812,22.812,0,10,0,0,0,0,,1.161
J. BUTTON,1,11,4,107.865,103.347,1244.331,20.377,20.377,0,11,1,25.07,1,25.07,,-2.435
J. BUTTON,2,12,4,127.49,123.082,1371.821,37.702,37.702,0,12,1,0,0,25.07,,17.325
J. BUTTON,2,13,4,106.073,101.775,1477.894,36.392,36.392,0,13,1,0,0,25.07,,-1.31
J. BUTTON,2,14,4,106.568,102.38,1584.462,14.224,14.224,0,14,1,0,0,25.07,,-22.168
J. BUTTON,2,15,4,102.783,98.706,1687.245,12.39,12.39,0,15,1,0,0,25.07,,-1.834
J. BUTTON,2,16,4,101.475,97.508,1788.72,12.193,12.193,0,16,1,0,0,25.07,,-0.197
J. BUTTON,2,17,4,101.136,97.279,1889.856,11.774,11.774,0,17,1,0,0,25.07,,-0.419
J. BUTTON,2,18,4,100.916,97.169,1990.772,12.588,12.588,0,18,1,0,0,25.07,,0.814
J. BUTTON,2,19,4,100.958,97.321,2091.73,13.256,13.256,0,19,1,0,0,25.07,,0.668
J. BUTTON,2,20,4,99.969,96.443,2191.699,13.313,13.313,0,20,1,0,0,25.07,,0.057
J. BUTTON,2,21,4,99.707,96.291,2291.406,13.703,13.703,0,21,1,0,0,25.07,,0.39
J. BUTTON,2,22,4,99.235,95.929,2390.641,13.45,13.45,0,22,1,0,0,25.07,,-0.253
J. BUTTON,2,23,4,99.283,96.087,2489.924,13.523,13.523,0,23,1,0,0,25.07,,0.073
J. BUTTON,2,24,4,99.194,96.108,2589.118,13.669,13.669,0,24,1,0,0,25.07,,0.146
J. BUTTON,2,25,4,98.94,95.965,2688.058,13.791,13.791,0,25,1,0,0,25.07,,0.122
J. BUTTON,2,26,4,96.032,93.167,2784.09,11.294,11.294,0,26,2,24.287,1,49.357,,-2.497
J. BUTTON,3,27,4,116.955,114.2,2901.045,32.147,32.147,0,27,2,0,0,49.357,,20.853
J. BUTTON,3,28,4,98.215,95.57,2999.26,8.511,8.511,0,28,2,0,0,49.357,,-18.387
J. BUTTON,3,29,4,97.869,95.334,3097.129,9.311,9.311,0,29,2,0,0,49.357,,0.8
J. BUTTON,3,30,4,97.981,95.557,3195.11,10.489,10.489,0,30,2,0,0,49.357,,1.178
J. BUTTON,3,31,4,96.982,94.668,3292.092,11.349,11.349,0,31,2,0,0,49.357,,0.86
J. BUTTON,3,32,4,97.284,95.08,3389.376,12.864,12.864,0,32,2,0,0,49.357,,1.515
J. BUTTON,3,33,4,97.461,95.367,3486.837,13.997,13.997,0,33,2,0,0,49.357,,1.133
J. BUTTON,3,34,4,97.269,95.285,3584.106,14.644,14.644,0,34,2,0,0,49.357,,0.647
J. BUTTON,3,35,4,97.197,95.324,3681.303,14.369,14.369,0,35,2,0,0,49.357,,-0.275
J. BUTTON,3,36,4,97.266,95.503,3778.569,15.517,15.517,0,36,2,0,0,49.357,,1.148
J. BUTTON,3,37,4,97.335,95.682,3875.904,16.437,16.437,0,37,2,0,0,49.357,,0.92
J. BUTTON,3,38,4,97.379,95.836,3973.283,17.106,17.106,0,38,2,0,0,49.357,,0.669
J. BUTTON,3,39,4,93.666,92.233,4066.949,17.381,17.381,0,39,3,23.292,1,72.649,,0.275
M. SCHUMACHER,1,1,7,122.353,116.733,122.353,7.73,7.73,0,1,0,0,0,0,,7.73
M. SCHUMACHER,1,2,7,114.523,109.013,236.876,11.329,11.329,0,2,0,0,0,0,,3.599
M. SCHUMACHER,1,3,7,114.23,108.83,351.106,14.721,14.721,0,3,0,0,0,0,,3.392
M. SCHUMACHER,1,4,7,113.74,108.45,464.846,17.448,17.448,0,4,0,0,0,0,,2.727
M. SCHUMACHER,1,5,7,113.573,108.394,578.419,19.6,19.6,0,5,0,0,0,0,,2.152
M. SCHUMACHER,1,6,7,112.871,107.802,691.29,20.779,20.779,0,6,0,0,0,0,,1.179
M. SCHUMACHER,1,7,7,112.961,108.002,804.251,22.417,22.417,0,7,0,0,0,0,,1.638
M. SCHUMACHER,1,8,7,112.661,107.812,916.912,24.139,24.139,0,8,0,0,0,0,,1.722
M. SCHUMACHER,1,9,7,120.764,116.025,1037.676,34.393,34.393,0,9,1,30.242,1,30.242,,10.254
M. SCHUMACHER,2,10,7,135.4,130.772,1173.076,59.422,59.422,0,10,1,0,0,30.242,,25.029
M. SCHUMACHER,2,11,7,109.012,104.494,1282.088,58.134,58.134,0,11,1,0,0,30.242,,-1.288
M. SCHUMACHER,2,12,7,107.844,103.436,1389.932,55.813,55.813,0,12,1,0,0,30.242,,-2.321
M. SCHUMACHER,2,13,7,105.788,101.49,1495.72,54.218,54.218,0,13,1,0,0,30.242,,-1.595
M. SCHUMACHER,2,14,7,104.491,100.303,1600.211,29.973,29.973,0,14,1,0,0,30.242,,-24.245
M. SCHUMACHER,2,15,7,103.475,99.398,1703.686,28.831,28.831,0,15,1,0,0,30.242,,-1.142
M. SCHUMACHER,2,16,7,99.067,95.1,1802.753,26.226,26.226,0,16,2,31.751,1,61.993,,-2.605
M. SCHUMACHER,3,17,7,127.302,123.445,1930.055,51.973,51.973,0,17,2,0,0,61.993,,25.747
M. SCHUMACHER,3,18,7,101.199,97.452,2031.254,53.07,53.07,0,18,2,0,0,61.993,,1.097
M. SCHUMACHER,3,19,7,101.44,97.803,2132.694,54.22,54.22,0,19,2,0,0,61.993,,1.15
M. SCHUMACHER,3,20,7,101.311,97.785,2234.005,55.619,55.619,0,20,2,0,0,61.993,,1.399
M. SCHUMACHER,3,21,7,100.646,97.23,2334.651,56.948,56.948,0,21,2,0,0,61.993,,1.329
M. SCHUMACHER,3,22,7,100.324,97.018,2434.975,57.784,57.784,0,22,2,0,0,61.993,,0.836
M. SCHUMACHER,3,23,7,99.75,96.554,2534.725,58.324,58.324,0,23,2,0,0,61.993,,0.54
M. SCHUMACHER,3,24,7,99.47,96.384,2634.195,58.746,58.746,0,24,2,0,0,61.993,,0.422
M. SCHUMACHER,3,25,7,99.191,96.216,2733.386,59.119,59.119,0,25,2,0,0,61.993,,0.373
M. SCHUMACHER,3,26,7,98.826,95.961,2832.212,59.416,59.416,0,26,2,0,0,61.993,,0.297
M. SCHUMACHER,3,27,7,100.224,97.469,2932.436,63.538,63.538,0,27,2,0,0,61.993,,4.122
M. SCHUMACHER,3,28,7,99.213,96.568,3031.649,40.9,40.9,0,28,2,0,0,61.993,,-17.389
M. SCHUMACHER,3,29,7,99.162,96.627,3130.811,42.993,42.993,0,29,2,0,0,61.993,,2.093
M. SCHUMACHER,3,30,7,99.315,96.891,3230.126,45.505,45.505,0,30,2,0,0,61.993,,2.512
M. SCHUMACHER,3,31,7,95.755,93.441,3325.881,45.138,45.138,0,31,3,24.651,1,86.644,,-0.367
M. SCHUMACHER,4,32,7,116.292,114.088,3442.173,65.661,65.661,0,32,3,0,0,86.644,,20.523
M. SCHUMACHER,4,33,7,97.499,95.405,3539.672,66.832,66.832,0,33,3,0,0,86.644,,1.171
M. SCHUMACHER,4,34,7,97.034,95.05,3636.706,67.244,67.244,0,34,3,0,0,86.644,,0.412
M. SCHUMACHER,4,35,7,97.823,95.95,3734.529,67.595,67.595,0,35,3,0,0,86.644,,0.351
M. SCHUMACHER,4,36,7,97.158,95.395,3831.687,68.635,68.635,0,36,3,0,0,86.644,,1.04
M. SCHUMACHER,4,37,7,97.294,95.641,3928.981,69.514,69.514,0,37,3,0,0,86.644,,0.879
M. SCHUMACHER,4,38,7,97.406,95.863,4026.387,70.21,70.21,0,38,3,0,0,86.644,,0.696
M. SCHUMACHER,4,39,7,97.266,95.833,4123.653,74.085,74.085,0,39,3,0,0,86.644,,3.875
M. SCHUMACHER,4,40,7,97.275,95.953,4220.928,57.983,57.983,0,40,3,0,0,86.644,,-16.102
M. SCHUMACHER,4,41,7,97.67,96.458,4318.598,60.745,60.745,0,41,3,0,0,86.644,,2.762
M. SCHUMACHER,4,42,7,97.369,96.267,4415.967,62.78,62.78,0,42,3,0,0,86.644,,2.035
M. SCHUMACHER,4,43,7,97.433,96.441,4513.4,64.333,64.333,0,43,3,0,0,86.644,,1.553
M. SCHUMACHER,4,44,7,97.641,96.759,4611.041,66.266,66.266,0,44,3,0,0,86.644,,1.933
M. SCHUMACHER,4,45,7,97.521,96.75,4708.562,68.047,68.047,0,45,3,0,0,86.644,,1.781
M. SCHUMACHER,4,46,7,97.578,96.917,4806.14,69.791,69.791,0,46,3,0,0,86.644,,1.744
M. SCHUMACHER,4,47,7,97.929,97.378,4904.069,71.559,71.559,0,47,3,0,0,86.644,,1.768
M. SCHUMACHER,4,48,7,98.195,97.754,5002.264,74.303,74.303,0,48,3,0,0,86.644,,2.744
M. SCHUMACHER,4,49,7,98.491,98.16,5100.755,76.459,76.459,0,49,3,0,0,86.644,,2.156
M. SCHUMACHER,4,50,7,99.333,99.113,5200.088,78.909,78.909,0,50,3,0,0,86.644,,2.45
M. SCHUMACHER,4,51,7,99.316,99.206,5299.404,80.159,80.159,0,51,3,0,0,86.644,,1.25
M. SCHUMACHER,4,52,7,99.704,99.704,5399.108,77.912,77.912,0,52,3,0,0,86.644,,-2.247
F. MASSA,1,1,6,119.962,114.342,119.962,5.339,5.339,0,1,0,0,0,0,,5.339
F. MASSA,1,2,6,112.173,106.663,232.135,6.588,6.588,0,2,0,0,0,0,,1.249
F. MASSA,1,3,6,111.896,106.496,344.031,7.646,7.646,0,3,0,0,0,0,,1.058
F. MASSA,1,4,6,112.194,106.904,456.225,8.827,8.827,0,4,0,0,0,0,,1.181
F. MASSA,1,5,6,112.379,107.2,568.604,9.785,9.785,0,5,0,0,0,0,,0.958
F. MASSA,1,6,6,112.449,107.38,681.053,10.542,10.542,0,6,0,0,0,0,,0.757
F. MASSA,1,7,6,111.731,106.772,792.784,10.95,10.95,0,7,0,0,0,0,,0.408
F. MASSA,1,8,6,111.701,106.852,904.485,11.712,11.712,0,8,0,0,0,0,,0.762
F. MASSA,1,9,6,112.238,107.499,1016.723,13.44,13.44,0,9,0,0,0,0,,1.728
F. MASSA,1,10,6,111.193,106.565,1127.916,14.262,14.262,0,10,0,0,0,0,,0.822
F. MASSA,1,11,6,111.296,106.778,1239.212,15.258,15.258,0,11,0,0,0,0,,0.996
F. MASSA,1,12,6,111.977,107.569,1351.189,17.07,17.07,0,12,0,0,0,0,,1.812
F. MASSA,1,13,6,106.807,102.509,1457.996,16.494,16.494,0,13,1,24.159,1,24.159,,-0.576
F. MASSA,2,14,6,126.862,122.674,1584.858,14.62,14.62,0,14,1,0,0,24.159,,-1.874
F. MASSA,2,15,6,104.646,100.569,1689.504,14.649,14.649,0,15,1,0,0,24.159,,0.029
F. MASSA,2,16,6,102.895,98.928,1792.399,15.872,15.872,0,16,1,0,0,24.159,,1.223
F. MASSA,2,17,6,101.503,97.646,1893.902,15.82,15.82,0,17,1,0,0,24.159,,-0.052
F. MASSA,2,18,6,100.462,96.715,1994.364,16.18,16.18,0,18,1,0,0,24.159,,0.36
F. MASSA,2,19,6,101.299,97.662,2095.663,17.189,17.189,0,19,1,0,0,24.159,,1.009
F. MASSA,2,20,6,100.178,96.652,2195.841,17.455,17.455,0,20,1,0,0,24.159,,0.266
F. MASSA,2,21,6,99.52,96.104,2295.361,17.658,17.658,0,21,1,0,0,24.159,,0.203
F. MASSA,2,22,6,99.089,95.783,2394.45,17.259,17.259,0,22,1,0,0,24.159,,-0.399
F. MASSA,2,23,6,99.091,95.895,2493.541,17.14,17.14,0,23,1,0,0,24.159,,-0.119
F. MASSA,2,24,6,98.96,95.874,2592.501,17.052,17.052,0,24,1,0,0,24.159,,-0.088
F. MASSA,2,25,6,98.703,95.728,2691.204,16.937,16.937,0,25,1,0,0,24.159,,-0.115
F. MASSA,2,26,6,96.118,93.253,2787.322,14.526,14.526,0,26,2,23.929,1,48.088,,-2.411
F. MASSA,3,27,6,116.466,113.711,2903.788,34.89,34.89,0,27,2,0,0,48.088,,20.364
F. MASSA,3,28,6,98.055,95.41,3001.843,11.094,11.094,0,28,2,0,0,48.088,,-18.547
F. MASSA,3,29,6,98.135,95.6,3099.978,12.16,12.16,0,29,2,0,0,48.088,,1.066
F. MASSA,3,30,6,98.331,95.907,3198.309,13.688,13.688,0,30,2,0,0,48.088,,1.528
F. MASSA,3,31,6,97.325,95.011,3295.634,14.891,14.891,0,31,2,0,0,48.088,,1.203
F. MASSA,3,32,6,97.098,94.894,3392.732,16.22,16.22,0,32,2,0,0,48.088,,1.329
F. MASSA,3,33,6,98.405,96.311,3491.137,18.297,18.297,0,33,2,0,0,48.088,,2.077
F. MASSA,3,34,6,97.57,95.586,3588.707,19.245,19.245,0,34,2,0,0,48.088,,0.948
F. MASSA,3,35,6,97.795,95.922,3686.502,19.568,19.568,0,35,2,0,0,48.088,,0.323
F. MASSA,3,36,6,97.798,96.035,3784.3,21.248,21.248,0,36,2,0,0,48.088,,1.68
F. MASSA,3,37,6,97.642,95.989,3881.942,22.475,22.475,0,37,2,0,0,48.088,,1.227
F. MASSA,3,38,6,97.677,96.134,3979.619,23.442,23.442,0,38,2,0,0,48.088,,0.967
F. MASSA,3,39,6,99.146,97.713,4078.765,29.197,29.197,0,39,2,0,0,48.088,,5.755
F. MASSA,3,40,6,99.914,98.592,4178.679,15.734,15.734,0,40,2,0,0,48.088,,-13.463
F. MASSA,3,41,6,95.094,93.882,4273.773,15.92,15.92,0,41,3,23.238,1,71.326,,0.186
F. MASSA,4,42,6,113.561,112.459,4387.334,34.147,34.147,0,42,3,0,0,71.326,,18.227
F. MASSA,4,43,6,96.155,95.163,4483.489,34.422,34.422,0,43,3,0,0,71.326,,0.275
F. MASSA,4,44,6,95.544,94.662,4579.033,34.258,34.258,0,44,3,0,0,71.326,,-0.164
F. MASSA,4,45,6,96.293,95.522,4675.326,34.811,34.811,0,45,3,0,0,71.326,,0.553
F. MASSA,4,46,6,95.89,95.229,4771.216,34.867,34.867,0,46,3,0,0,71.326,,0.056
F. MASSA,4,47,6,95.792,95.241,4867.008,34.498,34.498,0,47,3,0,0,71.326,,-0.369
F. MASSA,4,48,6,95.915,95.474,4962.923,34.962,34.962,0,48,3,0,0,71.326,,0.464
F. MASSA,4,49,6,95.474,95.143,5058.397,34.101,34.101,0,49,3,0,0,71.326,,-0.861
F. MASSA,4,50,6,95.662,95.442,5154.059,32.88,32.88,0,50,3,0,0,71.326,,-1.221
F. MASSA,4,51,6,97.413,97.303,5251.472,32.227,32.227,0,51,3,0,0,71.326,,-0.653
F. MASSA,4,52,6,98.734,98.734,5350.206,29.01,29.01,0,52,3,0,0,71.326,,-3.217
N. HEIDFELD,1,1,9,127.102,121.482,127.102,12.479,12.479,0,1,0,0,0,0,,12.479
N. HEIDFELD,1,2,9,115.306,109.796,242.408,16.861,16.861,0,2,0,0,0,0,,4.382
N. HEIDFELD,1,3,9,115.466,110.066,357.874,21.489,21.489,0,3,0,0,0,0,,4.628
N. HEIDFELD,1,4,9,114.912,109.622,472.786,25.388,25.388,0,4,0,0,0,0,,3.899
N. HEIDFELD,1,5,9,115.023,109.844,587.809,28.99,28.99,0,5,0,0,0,0,,3.602
N. HEIDFELD,1,6,9,114.858,109.789,702.667,32.156,32.156,0,6,0,0,0,0,,3.166
N. HEIDFELD,1,7,9,114.692,109.733,817.359,35.525,35.525,0,7,0,0,0,0,,3.369
N. HEIDFELD,1,8,9,114.305,109.456,931.664,38.891,38.891,0,8,0,0,0,0,,3.366
N. HEIDFELD,1,9,9,114.567,109.828,1046.231,42.948,42.948,0,9,0,0,0,0,,4.057
N. HEIDFELD,1,10,9,109.99,105.362,1156.221,42.567,42.567,0,10,1,24.716,1,24.716,,-0.381
N. HEIDFELD,2,11,9,132.14,127.622,1288.361,64.407,64.407,0,11,1,0,0,24.716,,21.84
N. HEIDFELD,2,12,9,109.497,105.089,1397.858,63.739,63.739,0,12,1,0,0,24.716,,-0.668
N. HEIDFELD,2,13,9,107.707,103.409,1505.565,64.063,64.063,0,13,1,0,0,24.716,,0.324
N. HEIDFELD,2,14,9,105.326,101.138,1610.891,40.653,40.653,0,14,1,0,0,24.716,,-23.41
N. HEIDFELD,2,15,9,103.569,99.492,1714.46,39.605,39.605,0,15,1,0,0,24.716,,-1.048
N. HEIDFELD,2,16,9,103.174,99.207,1817.634,41.107,41.107,0,16,1,0,0,24.716,,1.502
N. HEIDFELD,2,17,9,102.884,99.027,1920.518,42.436,42.436,0,17,1,0,0,24.716,,1.329
N. HEIDFELD,2,18,9,102.663,98.916,2023.181,44.997,44.997,0,18,1,0,0,24.716,,2.561
N. HEIDFELD,2,19,9,101.71,98.073,2124.891,46.417,46.417,0,19,1,0,0,24.716,,1.42
N. HEIDFELD,2,20,9,100.676,97.15,2225.567,47.181,47.181,0,20,1,0,0,24.716,,0.764
N. HEIDFELD,2,21,9,100.092,96.676,2325.659,47.956,47.956,0,21,1,0,0,24.716,,0.775
N. HEIDFELD,2,22,9,100.177,96.871,2425.836,48.645,48.645,0,22,1,0,0,24.716,,0.689
N. HEIDFELD,2,23,9,100.106,96.91,2525.942,49.541,49.541,0,23,1,0,0,24.716,,0.896
N. HEIDFELD,2,24,9,99.696,96.61,2625.638,50.189,50.189,0,24,1,0,0,24.716,,0.648
N. HEIDFELD,2,25,9,100.414,97.439,2726.052,51.785,51.785,0,25,1,0,0,24.716,,1.596
N. HEIDFELD,2,26,9,101.084,98.219,2827.136,54.34,54.34,0,26,1,0,0,24.716,,2.555
N. HEIDFELD,2,27,9,100.875,98.12,2928.011,59.113,59.113,0,27,1,0,0,24.716,,4.773
N. HEIDFELD,2,28,9,100.717,98.072,3028.728,37.979,37.979,0,28,1,0,0,24.716,,-15.885
N. HEIDFELD,2,29,9,100.073,97.538,3128.801,40.983,40.983,0,29,1,0,0,24.716,,3.004
N. HEIDFELD,2,30,9,96.523,94.099,3225.324,40.703,40.703,0,30,2,24.434,1,49.15,,-0.28
N. HEIDFELD,3,31,9,116.227,113.913,3341.551,60.808,60.808,0,31,2,0,0,49.15,,20.105
N. HEIDFELD,3,32,9,99.284,97.08,3440.835,64.323,64.323,0,32,2,0,0,49.15,,3.515
N. HEIDFELD,3,33,9,97.737,95.643,3538.572,65.732,65.732,0,33,2,0,0,49.15,,1.409
N. HEIDFELD,3,34,9,97.576,95.592,3636.148,66.686,66.686,0,34,2,0,0,49.15,,0.954
N. HEIDFELD,3,35,9,97.576,95.703,3733.724,66.79,66.79,0,35,2,0,0,49.15,,0.104
N. HEIDFELD,3,36,9,97.324,95.561,3831.048,67.996,67.996,0,36,2,0,0,49.15,,1.206
N. HEIDFELD,3,37,9,97.117,95.464,3928.165,68.698,68.698,0,37,2,0,0,49.15,,0.702
N. HEIDFELD,3,38,9,97.496,95.953,4025.661,69.484,69.484,0,38,2,0,0,49.15,,0.786
N. HEIDFELD,3,39,9,97.368,95.935,4123.029,73.461,73.461,0,39,2,0,0,49.15,,3.977
N. HEIDFELD,3,40,9,97.299,95.977,4220.328,57.383,57.383,0,40,2,0,0,49.15,,-16.078
N. HEIDFELD,3,41,9,97.606,96.394,4317.934,60.081,60.081,0,41,2,0,0,49.15,,2.698
N. HEIDFELD,3,42,9,97.324,96.222,4415.258,62.071,62.071,0,42,2,0,0,49.15,,1.99
N. HEIDFELD,3,43,9,97.271,96.279,4512.529,63.462,63.462,0,43,2,0,0,49.15,,1.391
N. HEIDFELD,3,44,9,97.416,96.534,4609.945,65.17,65.17,0,44,2,0,0,49.15,,1.708
N. HEIDFELD,3,45,9,97.69,96.919,4707.635,67.12,67.12,0,45,2,0,0,49.15,,1.95
N. HEIDFELD,3,46,9,97.435,96.774,4805.07,68.721,68.721,0,46,2,0,0,49.15,,1.601
N. HEIDFELD,3,47,9,97.799,97.248,4902.869,70.359,70.359,0,47,2,0,0,49.15,,1.638
N. HEIDFELD,3,48,9,97.714,97.273,5000.583,72.622,72.622,0,48,2,0,0,49.15,,2.263
N. HEIDFELD,3,49,9,97.98,97.649,5098.563,74.267,74.267,0,49,2,0,0,49.15,,1.645
N. HEIDFELD,3,50,9,98.61,98.39,5197.173,75.994,75.994,0,50,2,0,0,49.15,,1.727
N. HEIDFELD,3,51,9,99.119,99.009,5296.292,77.047,77.047,0,51,2,0,0,49.15,,1.053
N. HEIDFELD,3,52,9,100.446,100.446,5396.738,75.542,75.542,0,52,2,0,0,49.15,,-1.505
N. ROSBERG,1,1,8,124.247,118.627,124.247,9.624,9.624,0,1,0,0,0,0,,9.624
N. ROSBERG,1,2,8,115.65,110.14,239.897,14.35,14.35,0,2,0,0,0,0,,4.726
N. ROSBERG,1,3,8,115.107,109.707,355.004,18.619,18.619,0,3,0,0,0,0,,4.269
N. ROSBERG,1,4,8,115.158,109.868,470.162,22.764,22.764,0,4,0,0,0,0,,4.145
N. ROSBERG,1,5,8,114.936,109.757,585.098,26.279,26.279,0,5,0,0,0,0,,3.515
N. ROSBERG,1,6,8,113.829,108.76,698.927,28.416,28.416,0,6,0,0,0,0,,2.137
N. ROSBERG,1,7,8,113.214,108.255,812.141,30.307,30.307,0,7,0,0,0,0,,1.891
N. ROSBERG,1,8,8,112.444,107.595,924.585,31.812,31.812,0,8,0,0,0,0,,1.505
N. ROSBERG,1,9,8,113.571,108.832,1038.156,34.873,34.873,0,9,0,0,0,0,,3.061
N. ROSBERG,1,10,8,112.366,107.738,1150.522,36.868,36.868,0,10,0,0,0,0,,1.995
N. ROSBERG,1,11,8,112.311,107.793,1262.833,38.879,38.879,0,11,0,0,0,0,,2.011
N. ROSBERG,1,12,8,108.646,104.238,1371.479,37.36,37.36,0,12,1,24.722,1,24.722,,-1.519
N. ROSBERG,2,13,8,127.325,123.027,1498.804,57.302,57.302,0,13,1,0,0,24.722,,19.942
N. ROSBERG,2,14,8,104.861,100.673,1603.665,33.427,33.427,0,14,1,0,0,24.722,,-23.875
N. ROSBERG,2,15,8,103.505,99.428,1707.17,32.315,32.315,0,15,1,0,0,24.722,,-1.112
N. ROSBERG,2,16,8,102.885,98.918,1810.055,33.528,33.528,0,16,1,0,0,24.722,,1.213
N. ROSBERG,2,17,8,102.083,98.226,1912.138,34.056,34.056,0,17,1,0,0,24.722,,0.528
N. ROSBERG,2,18,8,101.176,97.429,2013.314,35.13,35.13,0,18,1,0,0,24.722,,1.074
N. ROSBERG,2,19,8,100.898,97.261,2114.212,35.738,35.738,0,19,1,0,0,24.722,,0.608
N. ROSBERG,2,20,8,100.78,97.254,2214.992,36.606,36.606,0,20,1,0,0,24.722,,0.868
N. ROSBERG,2,21,8,100.676,97.26,2315.668,37.965,37.965,0,21,1,0,0,24.722,,1.359
N. ROSBERG,2,22,8,100.194,96.888,2415.862,38.671,38.671,0,22,1,0,0,24.722,,0.706
N. ROSBERG,2,23,8,101.18,97.984,2517.042,40.641,40.641,0,23,1,0,0,24.722,,1.97
N. ROSBERG,2,24,8,99.907,96.821,2616.949,41.5,41.5,0,24,1,0,0,24.722,,0.859
N. ROSBERG,2,25,8,99.522,96.547,2716.471,42.204,42.204,0,25,1,0,0,24.722,,0.704
N. ROSBERG,2,26,8,99.011,96.146,2815.482,42.686,42.686,0,26,1,0,0,24.722,,0.482
N. ROSBERG,2,27,8,99.745,96.99,2915.227,46.329,46.329,0,27,1,0,0,24.722,,3.643
N. ROSBERG,2,28,8,99.287,96.642,3014.514,23.765,23.765,0,28,1,0,0,24.722,,-17.315
N. ROSBERG,2,29,8,98.764,96.229,3113.278,25.46,25.46,0,29,1,0,0,24.722,,1.695
N. ROSBERG,2,30,8,96.719,94.295,3209.997,25.376,25.376,0,30,2,24.399,1,49.121,,-0.084
N. ROSBERG,3,31,8,116.531,114.217,3326.528,45.785,45.785,0,31,2,0,0,49.121,,20.409
N. ROSBERG,3,32,8,97.073,94.869,3423.601,47.089,47.089,0,32,2,0,0,49.121,,1.304
N. ROSBERG,3,33,8,97.624,95.53,3521.225,48.385,48.385,0,33,2,0,0,49.121,,1.296
N. ROSBERG,3,34,8,97.494,95.51,3618.719,49.257,49.257,0,34,2,0,0,49.121,,0.872
N. ROSBERG,3,35,8,97.541,95.668,3716.26,49.326,49.326,0,35,2,0,0,49.121,,0.069
N. ROSBERG,3,36,8,97.472,95.709,3813.732,50.68,50.68,0,36,2,0,0,49.121,,1.354
N. ROSBERG,3,37,8,97.244,95.591,3910.976,51.509,51.509,0,37,2,0,0,49.121,,0.829
N. ROSBERG,3,38,8,97.359,95.816,4008.335,52.158,52.158,0,38,2,0,0,49.121,,0.649
N. ROSBERG,3,39,8,97.323,95.89,4105.658,56.09,56.09,0,39,2,0,0,49.121,,3.932
N. ROSBERG,3,40,8,97.345,96.023,4203.003,40.058,40.058,0,40,2,0,0,49.121,,-16.032
N. ROSBERG,3,41,8,97.101,95.889,4300.104,42.251,42.251,0,41,2,0,0,49.121,,2.193
N. ROSBERG,3,42,8,97.357,96.255,4397.461,44.274,44.274,0,42,2,0,0,49.121,,2.023
N. ROSBERG,3,43,8,97.497,96.505,4494.958,45.891,45.891,0,43,2,0,0,49.121,,1.617
N. ROSBERG,3,44,8,97.918,97.036,4592.876,48.101,48.101,0,44,2,0,0,49.121,,2.21
N. ROSBERG,3,45,8,97.936,97.165,4690.812,50.297,50.297,0,45,2,0,0,49.121,,2.196
N. ROSBERG,3,46,8,97.931,97.27,4788.743,52.394,52.394,0,46,2,0,0,49.121,,2.097
N. ROSBERG,3,47,8,98.419,97.868,4887.162,54.652,54.652,0,47,2,0,0,49.121,,2.258
N. ROSBERG,3,48,8,98.141,97.7,4985.303,57.342,57.342,0,48,2,0,0,49.121,,2.69
N. ROSBERG,3,49,8,98.021,97.69,5083.324,59.028,59.028,0,49,2,0,0,49.121,,1.686
N. ROSBERG,3,50,8,100.165,99.945,5183.489,62.31,62.31,0,50,2,0,0,49.121,,3.282
N. ROSBERG,3,51,8,98.873,98.763,5282.362,63.117,63.117,0,51,2,0,0,49.121,,0.807
N. ROSBERG,3,52,8,99.499,99.499,5381.861,60.665,60.665,0,52,2,0,0,49.121,,-2.452
R. BARRICHELLO,1,1,11,130.379,124.759,130.379,15.756,15.756,0,1,0,0,0,0,,15.756
R. BARRICHELLO,1,2,11,115.552,110.042,245.931,20.384,20.384,0,2,0,0,0,0,,4.628
R. BARRICHELLO,1,3,11,115.318,109.918,361.249,24.864,24.864,0,3,0,0,0,0,,4.48
R. BARRICHELLO,1,4,11,115.968,110.678,477.217,29.819,29.819,0,4,0,0,0,0,,4.955
R. BARRICHELLO,1,5,11,115.793,110.614,593.01,34.191,34.191,0,5,0,0,0,0,,4.372
R. BARRICHELLO,1,6,11,114.836,109.767,707.846,37.335,37.335,0,6,0,0,0,0,,3.144
R. BARRICHELLO,1,7,11,115.108,110.149,822.954,41.12,41.12,0,7,0,0,0,0,,3.785
R. BARRICHELLO,1,8,11,114.775,109.926,937.729,44.956,44.956,0,8,0,0,0,0,,3.836
R. BARRICHELLO,1,9,11,114.113,109.374,1051.842,48.559,48.559,0,9,0,0,0,0,,3.603
R. BARRICHELLO,1,10,11,115.555,110.927,1167.397,53.743,53.743,0,10,0,0,0,0,,5.184
R. BARRICHELLO,1,11,11,110.333,105.815,1277.73,53.776,53.776,0,11,1,25.86,1,25.86,,0.033
R. BARRICHELLO,2,12,11,132.258,127.85,1409.988,75.869,75.869,0,12,1,0,0,25.86,,22.093
R. BARRICHELLO,2,13,11,108.601,104.303,1518.589,77.087,77.087,0,13,1,0,0,25.86,,1.218
R. BARRICHELLO,2,14,11,105.392,101.204,1623.981,53.743,53.743,0,14,1,0,0,25.86,,-23.344
R. BARRICHELLO,2,15,11,104.45,100.373,1728.431,53.576,53.576,0,15,1,0,0,25.86,,-0.167
R. BARRICHELLO,2,16,11,104.031,100.064,1832.462,55.935,55.935,0,16,1,0,0,25.86,,2.359
R. BARRICHELLO,2,17,11,103.159,99.302,1935.621,57.539,57.539,0,17,1,0,0,25.86,,1.604
R. BARRICHELLO,2,18,11,102.188,98.441,2037.809,59.625,59.625,0,18,1,0,0,25.86,,2.086
R. BARRICHELLO,2,19,11,101.58,97.943,2139.389,60.915,60.915,0,19,1,0,0,25.86,,1.29
R. BARRICHELLO,2,20,11,101.023,97.497,2240.412,62.026,62.026,0,20,1,0,0,25.86,,1.111
R. BARRICHELLO,2,21,11,100.694,97.278,2341.106,63.403,63.403,0,21,1,0,0,25.86,,1.377
R. BARRICHELLO,2,22,11,100.461,97.155,2441.567,64.376,64.376,0,22,1,0,0,25.86,,0.973
R. BARRICHELLO,2,23,11,100.304,97.108,2541.871,65.47,65.47,0,23,1,0,0,25.86,,1.094
R. BARRICHELLO,2,24,11,99.945,96.859,2641.816,66.367,66.367,0,24,1,0,0,25.86,,0.897
R. BARRICHELLO,2,25,11,99.904,96.929,2741.72,67.453,67.453,0,25,1,0,0,25.86,,1.086
R. BARRICHELLO,2,26,11,99.893,97.028,2841.613,68.817,68.817,0,26,1,0,0,25.86,,1.364
R. BARRICHELLO,2,27,11,100.489,97.734,2942.102,73.204,73.204,0,27,1,0,0,25.86,,4.387
R. BARRICHELLO,2,28,11,100.299,97.654,3042.401,51.652,51.652,0,28,1,0,0,25.86,,-16.303
R. BARRICHELLO,2,29,11,100.384,97.849,3142.785,54.967,54.967,0,29,1,0,0,25.86,,3.315
R. BARRICHELLO,2,30,11,100.272,97.848,3243.057,58.436,58.436,0,30,1,0,0,25.86,,3.469
R. BARRICHELLO,2,31,11,98.389,96.075,3341.446,60.703,60.703,0,31,2,23.955,1,49.815,,2.267
R. BARRICHELLO,3,32,11,117.234,115.03,3458.68,82.168,82.168,0,32,2,0,0,49.815,,21.465
R. BARRICHELLO,3,33,11,97.33,95.236,3556.01,83.17,83.17,0,33,2,0,0,49.815,,1.002
R. BARRICHELLO,3,34,11,97.074,95.09,3653.084,83.622,83.622,0,34,2,0,0,49.815,,0.452
R. BARRICHELLO,3,35,11,97.476,95.603,3750.56,83.626,83.626,0,35,2,0,0,49.815,,0.004
R. BARRICHELLO,3,36,11,97.172,95.409,3847.732,84.68,84.68,0,36,2,0,0,49.815,,1.054
R. BARRICHELLO,3,37,11,96.927,95.274,3944.659,85.192,85.192,0,37,2,0,0,49.815,,0.512
R. BARRICHELLO,3,38,11,96.733,95.19,4041.392,85.215,85.215,0,38,2,0,0,49.815,,0.023
R. BARRICHELLO,3,39,11,97.689,96.256,4139.081,89.513,89.513,0,39,2,0,0,49.815,,4.298
R. BARRICHELLO,3,40,11,97.52,96.198,4236.601,73.656,73.656,0,40,2,0,0,49.815,,-15.857
R. BARRICHELLO,3,41,11,98.455,97.243,4335.056,77.203,77.203,0,41,2,0,0,49.815,,3.547
R. BARRICHELLO,3,42,11,97.875,96.773,4432.931,79.744,79.744,0,42,2,0,0,49.815,,2.541
R. BARRICHELLO,3,43,11,98.088,97.096,4531.019,81.952,81.952,0,43,2,0,0,49.815,,2.208
R. BARRICHELLO,3,44,11,98.221,97.339,4629.24,84.465,84.465,0,44,2,0,0,49.815,,2.513
R. BARRICHELLO,3,45,11,97.963,97.192,4727.203,86.688,86.688,0,45,2,0,0,49.815,,2.223
R. BARRICHELLO,3,46,11,98.214,97.553,4825.417,89.068,89.068,0,46,2,0,0,49.815,,2.38
R. BARRICHELLO,3,47,11,99.016,98.465,4924.433,91.923,91.923,0,47,2,0,0,49.815,,2.855
R. BARRICHELLO,3,48,11,99.005,98.564,5023.438,95.477,95.477,0,48,2,0,0,49.815,,3.554
R. BARRICHELLO,3,49,11,100.177,99.846,5123.615,2.436,99.319,1,50,2,0,0,49.815,,3.294
R. BARRICHELLO,3,50,11,99.183,98.963,5222.798,3.553,101.619,1,51,2,0,0,49.815,,1.117
R. BARRICHELLO,3,51,11,99.474,99.364,5322.272,1.076,103.027,1,52,2,0,0,49.815,,-2.477
V. PETROV,1,1,10,127.377,121.757,127.377,12.754,12.754,0,1,0,0,0,0,,12.754
V. PETROV,1,2,10,116.413,110.903,243.79,18.243,18.243,0,2,0,0,0,0,,5.489
V. PETROV,1,3,10,115.188,109.788,358.978,22.593,22.593,0,3,0,0,0,0,,4.35
V. PETROV,1,4,10,115.44,110.15,474.418,27.02,27.02,0,4,0,0,0,0,,4.427
V. PETROV,1,5,10,115.558,110.379,589.976,31.157,31.157,0,5,0,0,0,0,,4.137
V. PETROV,1,6,10,117.195,112.126,707.171,36.66,36.66,0,6,0,0,0,0,,5.503
V. PETROV,1,7,10,115.236,110.277,822.407,40.573,40.573,0,7,0,0,0,0,,3.913
V. PETROV,1,8,10,114.457,109.608,936.864,44.091,44.091,0,8,0,0,0,0,,3.518
V. PETROV,1,9,10,114.211,109.472,1051.075,47.792,47.792,0,9,0,0,0,0,,3.701
V. PETROV,1,10,10,114.105,109.477,1165.18,51.526,51.526,0,10,0,0,0,0,,3.734
V. PETROV,1,11,10,111.254,106.736,1276.434,52.48,52.48,0,11,1,24.88,1,24.88,,0.954
V. PETROV,2,12,10,131.687,127.279,1408.121,74.002,74.002,0,12,1,0,0,24.88,,21.522
V. PETROV,2,13,10,107.461,103.163,1515.582,74.08,74.08,0,13,1,0,0,24.88,,0.078
V. PETROV,2,14,10,105.335,101.147,1620.917,50.679,50.679,0,14,1,0,0,24.88,,-23.401
V. PETROV,2,15,10,103.675,99.598,1724.592,49.737,49.737,0,15,1,0,0,24.88,,-0.942
V. PETROV,2,16,10,102.53,98.563,1827.122,50.595,50.595,0,16,1,0,0,24.88,,0.858
V. PETROV,2,17,10,101.687,97.83,1928.809,50.727,50.727,0,17,1,0,0,24.88,,0.132
V. PETROV,2,18,10,101.918,98.171,2030.727,52.543,52.543,0,18,1,0,0,24.88,,1.816
V. PETROV,2,19,10,101.432,97.795,2132.159,53.685,53.685,0,19,1,0,0,24.88,,1.142
V. PETROV,2,20,10,101.228,97.702,2233.387,55.001,55.001,0,20,1,0,0,24.88,,1.316
V. PETROV,2,21,10,100.753,97.337,2334.14,56.437,56.437,0,21,1,0,0,24.88,,1.436
V. PETROV,2,22,10,101.989,98.683,2436.129,58.938,58.938,0,22,1,0,0,24.88,,2.501
V. PETROV,2,23,10,99.828,96.632,2535.957,59.556,59.556,0,23,1,0,0,24.88,,0.618
V. PETROV,2,24,10,100.057,96.971,2636.014,60.565,60.565,0,24,1,0,0,24.88,,1.009
V. PETROV,2,25,10,99.186,96.211,2735.2,60.933,60.933,0,25,1,0,0,24.88,,0.368
V. PETROV,2,26,10,99.014,96.149,2834.214,61.418,61.418,0,26,1,0,0,24.88,,0.485
V. PETROV,2,27,10,100.98,98.225,2935.194,66.296,66.296,0,27,1,0,0,24.88,,4.878
V. PETROV,2,28,10,99.853,97.208,3035.047,44.298,44.298,0,28,1,0,0,24.88,,-16.749
V. PETROV,2,29,10,99.451,96.916,3134.498,46.68,46.68,0,29,1,0,0,24.88,,2.382
V. PETROV,2,30,10,100.09,97.666,3234.588,49.967,49.967,0,30,1,0,0,24.88,,3.287
V. PETROV,2,31,10,98.911,96.597,3333.499,52.756,52.756,0,31,1,0,0,24.88,,2.789
V. PETROV,2,32,10,98.624,96.42,3432.123,55.611,55.611,0,32,1,0,0,24.88,,2.855
V. PETROV,2,33,10,98.49,96.396,3530.613,57.773,57.773,0,33,1,0,0,24.88,,2.162
V. PETROV,2,34,10,98.574,96.59,3629.187,59.725,59.725,0,34,1,0,0,24.88,,1.952
V. PETROV,2,35,10,98.881,97.008,3728.068,61.134,61.134,0,35,1,0,0,24.88,,1.409
V. PETROV,2,36,10,98.426,96.663,3826.494,63.442,63.442,0,36,1,0,0,24.88,,2.308
V. PETROV,2,37,10,98.6,96.947,3925.094,65.627,65.627,0,37,1,0,0,24.88,,2.185
V. PETROV,2,38,10,95.144,93.601,4020.238,64.061,64.061,0,38,2,24.172,1,49.052,,-1.566
V. PETROV,3,39,10,117.621,116.188,4137.859,88.291,88.291,0,39,2,0,0,49.052,,24.23
V. PETROV,3,40,10,96.308,94.986,4234.167,71.222,71.222,0,40,2,0,0,49.052,,-17.069
V. PETROV,3,41,10,97.023,95.811,4331.19,73.337,73.337,0,41,2,0,0,49.052,,2.115
V. PETROV,3,42,10,96.844,95.742,4428.034,74.847,74.847,0,42,2,0,0,49.052,,1.51
V. PETROV,3,43,10,96.873,95.881,4524.907,75.84,75.84,0,43,2,0,0,49.052,,0.993
V. PETROV,3,44,10,97.123,96.241,4622.03,77.255,77.255,0,44,2,0,0,49.052,,1.415
V. PETROV,3,45,10,97.239,96.468,4719.269,78.754,78.754,0,45,2,0,0,49.052,,1.499
V. PETROV,3,46,10,97.179,96.518,4816.448,80.099,80.099,0,46,2,0,0,49.052,,1.345
V. PETROV,3,47,10,96.936,96.385,4913.384,80.874,80.874,0,47,2,0,0,49.052,,0.775
V. PETROV,3,48,10,97.179,96.738,5010.563,82.602,82.602,0,48,2,0,0,49.052,,1.728
V. PETROV,3,49,10,97.222,96.891,5107.785,83.489,83.489,0,49,2,0,0,49.052,,0.887
V. PETROV,3,50,10,97.224,97.004,5205.009,83.83,83.83,0,50,2,0,0,49.052,,0.341
V. PETROV,3,51,10,97.657,97.547,5302.666,83.421,83.421,0,51,2,0,0,49.052,,-0.409
V. PETROV,3,52,10,99.211,99.211,5401.877,80.681,80.681,0,52,2,0,0,49.052,,-2.74
P. MALDONADO,1,1,12,122.902,117.282,122.902,8.279,8.279,0,1,0,0,0,0,,8.279
P. MALDONADO,1,2,12,116.067,110.557,238.969,13.422,13.422,0,2,0,0,0,0,,5.143
P. MALDONADO,1,3,12,114.531,109.131,353.5,17.115,17.115,0,3,0,0,0,0,,3.693
P. MALDONADO,1,4,12,116,110.71,469.5,22.102,22.102,0,4,0,0,0,0,,4.987
P. MALDONADO,1,5,12,114.803,109.624,584.303,25.484,25.484,0,5,0,0,0,0,,3.382
P. MALDONADO,1,6,12,116.822,111.753,701.125,30.614,30.614,0,6,0,0,0,0,,5.13
P. MALDONADO,1,7,12,114.854,109.895,815.979,34.145,34.145,0,7,0,0,0,0,,3.531
P. MALDONADO,1,8,12,114.303,109.454,930.282,37.509,37.509,0,8,0,0,0,0,,3.364
P. MALDONADO,1,9,12,114.524,109.785,1044.806,41.523,41.523,0,9,0,0,0,0,,4.014
P. MALDONADO,1,10,12,113.561,108.933,1158.367,44.713,44.713,0,10,0,0,0,0,,3.19
P. MALDONADO,1,11,12,108.424,103.906,1266.791,42.837,42.837,0,11,1,26.238,1,26.238,,-1.876
P. MALDONADO,2,12,12,132.35,127.942,1399.141,65.022,65.022,0,12,1,0,0,26.238,,22.185
P. MALDONADO,2,13,12,108.084,103.786,1507.225,65.723,65.723,0,13,1,0,0,26.238,,0.701
P. MALDONADO,2,14,12,105.311,101.123,1612.536,42.298,42.298,0,14,1,0,0,26.238,,-23.425
P. MALDONADO,2,15,12,103.968,99.891,1716.504,41.649,41.649,0,15,1,0,0,26.238,,-0.649
P. MALDONADO,2,16,12,102.695,98.728,1819.199,42.672,42.672,0,16,1,0,0,26.238,,1.023
P. MALDONADO,2,17,12,102.51,98.653,1921.709,43.627,43.627,0,17,1,0,0,26.238,,0.955
P. MALDONADO,2,18,12,102.977,99.23,2024.686,46.502,46.502,0,18,1,0,0,26.238,,2.875
P. MALDONADO,2,19,12,103.618,99.981,2128.304,49.83,49.83,0,19,1,0,0,26.238,,3.328
P. MALDONADO,2,20,12,103.363,99.837,2231.667,53.281,53.281,0,20,1,0,0,26.238,,3.451
P. MALDONADO,2,21,12,100.856,97.44,2332.523,54.82,54.82,0,21,1,0,0,26.238,,1.539
P. MALDONADO,2,22,12,100.962,97.656,2433.485,56.294,56.294,0,22,1,0,0,26.238,,1.474
P. MALDONADO,2,23,12,100.798,97.602,2534.283,57.882,57.882,0,23,1,0,0,26.238,,1.588
P. MALDONADO,2,24,12,96.487,93.401,2630.77,55.321,55.321,0,24,2,24.272,1,50.51,,-2.561
P. MALDONADO,3,25,12,118.358,115.383,2749.128,74.861,74.861,0,25,2,0,0,50.51,,19.54
P. MALDONADO,3,26,12,100.6,97.735,2849.728,76.932,76.932,0,26,2,0,0,50.51,,2.071
P. MALDONADO,3,27,12,98.866,96.111,2948.594,79.696,79.696,0,27,2,0,0,50.51,,2.764
P. MALDONADO,3,28,12,99.452,96.807,3048.046,57.297,57.297,0,28,2,0,0,50.51,,-17.15
P. MALDONADO,3,29,12,99.875,97.34,3147.921,60.103,60.103,0,29,2,0,0,50.51,,2.806
P. MALDONADO,3,30,12,99.38,96.956,3247.301,62.68,62.68,0,30,2,0,0,50.51,,2.577
P. MALDONADO,3,31,12,99.967,97.653,3347.268,66.525,66.525,0,31,2,0,0,50.51,,3.845
P. MALDONADO,3,32,12,99.248,97.044,3446.516,70.004,70.004,0,32,2,0,0,50.51,,3.479
P. MALDONADO,3,33,12,99.061,96.967,3545.577,72.737,72.737,0,33,2,0,0,50.51,,2.733
P. MALDONADO,3,34,12,99.208,97.224,3644.785,75.323,75.323,0,34,2,0,0,50.51,,2.586
P. MALDONADO,3,35,12,96.375,94.502,3741.16,74.226,74.226,0,35,3,23.869,1,74.379,,-1.097
P. MALDONADO,4,36,12,117.119,115.356,3858.279,95.227,95.227,0,36,3,0,0,74.379,,21.001
P. MALDONADO,4,37,12,99.366,97.713,3957.645,1.468,98.178,1,38,3,0,0,74.379,,2.656
P. MALDONADO,4,38,12,97.492,95.949,4055.137,5.569,98.96,1,39,3,0,0,74.379,,4.101
P. MALDONADO,4,39,12,97.292,95.859,4152.429,102.861,102.861,0,39,3,0,0,74.379,,3.901
P. MALDONADO,4,40,12,97.543,96.221,4249.972,87.027,87.027,0,40,3,0,0,74.379,,-15.834
P. MALDONADO,4,41,12,97.036,95.824,4347.008,89.155,89.155,0,41,3,0,0,74.379,,2.128
P. MALDONADO,4,42,12,97.413,96.311,4444.421,91.234,91.234,0,42,3,0,0,74.379,,2.079
P. MALDONADO,4,43,12,97.253,96.261,4541.674,92.607,92.607,0,43,3,0,0,74.379,,1.373
P. MALDONADO,4,44,12,97.228,96.346,4638.902,94.127,94.127,0,44,3,0,0,74.379,,1.52
P. MALDONADO,4,45,12,98.924,98.153,4737.826,1.477,97.311,1,46,3,0,0,74.379,,3.09
P. MALDONADO,4,46,12,97.604,96.943,4835.43,2.92,99.081,1,47,3,0,0,74.379,,1.443
P. MALDONADO,4,47,12,97.037,96.486,4932.467,4.506,99.957,1,48,3,0,0,74.379,,1.586
P. MALDONADO,4,48,12,97.185,96.744,5029.652,5.356,101.691,1,49,3,0,0,74.379,,0.85
P. MALDONADO,4,49,12,97.3,96.969,5126.952,5.773,102.656,1,50,3,0,0,74.379,,0.417
P. MALDONADO,4,50,12,97.574,97.354,5224.526,5.281,103.347,1,51,3,0,0,74.379,,-0.492
P. MALDONADO,4,51,12,98.572,98.462,5323.098,1.902,103.853,1,52,3,0,0,74.379,,-3.379
P. DI RESTA,1,1,15,120.926,115.306,120.926,6.303,6.303,0,1,0,0,0,0,,6.303
P. DI RESTA,1,2,15,114.983,109.473,235.909,10.362,10.362,0,2,0,0,0,0,,4.059
P. DI RESTA,1,3,15,113.324,107.924,349.233,12.848,12.848,0,3,0,0,0,0,,2.486
P. DI RESTA,1,4,15,113.582,108.292,462.815,15.417,15.417,0,4,0,0,0,0,,2.569
P. DI RESTA,1,5,15,113.059,107.88,575.874,17.055,17.055,0,5,0,0,0,0,,1.638
P. DI RESTA,1,6,15,113.295,108.226,689.169,18.658,18.658,0,6,0,0,0,0,,1.603
P. DI RESTA,1,7,15,113.311,108.352,802.48,20.646,20.646,0,7,0,0,0,0,,1.988
P. DI RESTA,1,8,15,112.653,107.804,915.133,22.36,22.36,0,8,0,0,0,0,,1.714
P. DI RESTA,1,9,15,112.253,107.514,1027.386,24.103,24.103,0,9,0,0,0,0,,1.743
P. DI RESTA,1,10,15,112.103,107.475,1139.489,25.835,25.835,0,10,0,0,0,0,,1.732
P. DI RESTA,1,11,15,113.825,109.307,1253.314,29.36,29.36,0,11,0,0,0,0,,3.525
P. DI RESTA,1,12,15,107.746,103.338,1361.06,26.941,26.941,0,12,1,26.612,1,26.612,,-2.419
P. DI RESTA,2,13,15,129.634,125.336,1490.694,49.192,49.192,0,13,1,0,0,26.612,,22.251
P. DI RESTA,2,14,15,104.715,100.527,1595.409,25.171,25.171,0,14,1,0,0,26.612,,-24.021
P. DI RESTA,2,15,15,103.561,99.484,1698.97,24.115,24.115,0,15,1,0,0,26.612,,-1.056
P. DI RESTA,2,16,15,102.785,98.818,1801.755,25.228,25.228,0,16,1,0,0,26.612,,1.113
P. DI RESTA,2,17,15,102.261,98.404,1904.016,25.934,25.934,0,17,1,0,0,26.612,,0.706
P. DI RESTA,2,18,15,101.633,97.886,2005.649,27.465,27.465,0,18,1,0,0,26.612,,1.531
P. DI RESTA,2,19,15,101.381,97.744,2107.03,28.556,28.556,0,19,1,0,0,26.612,,1.091
P. DI RESTA,2,20,15,101.383,97.857,2208.413,30.027,30.027,0,20,1,0,0,26.612,,1.471
P. DI RESTA,2,21,15,101.037,97.621,2309.45,31.747,31.747,0,21,1,0,0,26.612,,1.72
P. DI RESTA,2,22,15,101.307,98.001,2410.757,33.566,33.566,0,22,1,0,0,26.612,,1.819
P. DI RESTA,2,23,15,101.116,97.92,2511.873,35.472,35.472,0,23,1,0,0,26.612,,1.906
P. DI RESTA,2,24,15,97.451,94.365,2609.324,33.875,33.875,0,24,2,45.291,1,71.903,,-1.597
P. DI RESTA,3,25,15,138.918,135.943,2748.242,73.975,73.975,0,25,2,0,0,71.903,,40.1
P. DI RESTA,3,26,15,103.17,100.305,2851.412,78.616,78.616,0,26,3,31.471,1,103.374,,4.641
P. DI RESTA,4,27,15,130.528,127.773,2981.94,113.042,113.042,0,27,3,0,0,103.374,,34.426
P. DI RESTA,4,28,15,101.246,98.601,3083.186,92.437,92.437,0,28,3,0,0,103.374,,-15.356
P. DI RESTA,4,29,15,100.581,98.046,3183.767,95.949,95.949,0,29,3,0,0,103.374,,3.512
P. DI RESTA,4,30,15,101.026,98.602,3284.793,4.05,100.172,1,31,3,0,0,103.374,,4.904
P. DI RESTA,4,31,15,102.455,100.141,3387.248,10.736,106.505,1,32,3,0,0,103.374,,6.686
P. DI RESTA,4,32,15,101.657,99.453,3488.905,16.065,112.393,1,33,3,0,0,103.374,,5.329
P. DI RESTA,4,33,15,100.986,98.892,3589.891,20.429,117.051,1,34,3,0,0,103.374,,4.364
P. DI RESTA,4,34,15,99.469,97.485,3689.36,22.426,119.898,1,35,3,0,0,103.374,,1.997
P. DI RESTA,4,35,15,99.188,97.315,3788.548,25.496,121.614,1,36,3,0,0,103.374,,3.07
P. DI RESTA,4,36,15,99.996,98.233,3888.544,29.077,125.492,1,37,3,0,0,103.374,,3.581
P. DI RESTA,4,37,15,99.084,97.431,3987.628,31.451,128.161,1,38,3,0,0,103.374,,2.374
P. DI RESTA,4,38,15,100.026,98.483,4087.654,38.086,131.477,1,39,3,0,0,103.374,,6.635
P. DI RESTA,4,39,15,99.005,97.572,4186.659,23.714,137.091,1,40,3,0,0,103.374,,-14.372
P. DI RESTA,4,40,15,99.267,97.945,4285.926,28.073,122.981,1,41,3,0,0,103.374,,4.359
P. DI RESTA,4,41,15,98.88,97.668,4384.806,31.619,126.953,1,42,3,0,0,103.374,,3.546
P. DI RESTA,4,42,15,100.565,99.463,4485.371,36.304,132.184,1,43,3,0,0,103.374,,4.685
P. DI RESTA,4,43,15,98.648,97.656,4584.019,39.244,134.952,1,44,3,0,0,103.374,,2.94
P. DI RESTA,4,44,15,98.565,97.683,4682.584,42.069,137.809,1,45,3,0,0,103.374,,2.825
P. DI RESTA,4,45,15,98.847,98.076,4781.431,45.082,140.916,1,46,3,0,0,103.374,,3.013
P. DI RESTA,4,46,15,98.992,98.331,4880.423,47.913,144.074,1,47,3,0,0,103.374,,2.831
P. DI RESTA,4,47,15,98.193,97.642,4978.616,50.655,146.106,1,48,3,0,0,103.374,,2.742
P. DI RESTA,4,48,15,97.936,97.495,5076.552,52.256,148.591,1,49,3,0,0,103.374,,1.601
P. DI RESTA,4,49,15,98.916,98.585,5175.468,54.289,151.172,1,50,3,0,0,103.374,,2.033
P. DI RESTA,4,50,15,99.087,98.867,5274.555,55.31,153.376,1,51,3,0,0,103.374,,1.021
P. DI RESTA,4,51,15,98.877,98.767,5373.432,52.236,154.187,1,52,3,0,0,103.374,,-3.074
A. SUTIL,1,1,14,123.376,117.756,123.376,8.753,8.753,0,1,0,0,0,0,,8.753
A. SUTIL,1,2,14,115.928,110.418,239.304,13.757,13.757,0,2,0,0,0,0,,5.004
A. SUTIL,1,3,14,114.558,109.158,353.862,17.477,17.477,0,3,0,0,0,0,,3.72
A. SUTIL,1,4,14,113.145,107.855,467.007,19.609,19.609,0,4,0,0,0,0,,2.132
A. SUTIL,1,5,14,112.995,107.816,580.002,21.183,21.183,0,5,0,0,0,0,,1.574
A. SUTIL,1,6,14,113.139,108.07,693.141,22.63,22.63,0,6,0,0,0,0,,1.447
A. SUTIL,1,7,14,112.806,107.847,805.947,24.113,24.113,0,7,0,0,0,0,,1.483
A. SUTIL,1,8,14,113.173,108.324,919.12,26.347,26.347,0,8,0,0,0,0,,2.234
A. SUTIL,1,9,14,113.584,108.845,1032.704,29.421,29.421,0,9,0,0,0,0,,3.074
A. SUTIL,1,10,14,111.961,107.333,1144.665,31.011,31.011,0,10,0,0,0,0,,1.59
A. SUTIL,1,11,14,107.891,103.373,1252.556,28.602,28.602,0,11,1,25.737,1,25.737,,-2.409
A. SUTIL,2,12,14,133.93,129.522,1386.486,52.367,52.367,0,12,1,0,0,25.737,,23.765
A. SUTIL,2,13,14,107.958,103.66,1494.444,52.942,52.942,0,13,1,0,0,25.737,,0.575
A. SUTIL,2,14,14,104.466,100.278,1598.91,28.672,28.672,0,14,1,0,0,25.737,,-24.27
A. SUTIL,2,15,14,103.369,99.292,1702.279,27.424,27.424,0,15,1,0,0,25.737,,-1.248
A. SUTIL,2,16,14,102.87,98.903,1805.149,28.622,28.622,0,16,1,0,0,25.737,,1.198
A. SUTIL,2,17,14,102.028,98.171,1907.177,29.095,29.095,0,17,1,0,0,25.737,,0.473
A. SUTIL,2,18,14,101.37,97.623,2008.547,30.363,30.363,0,18,1,0,0,25.737,,1.268
A. SUTIL,2,19,14,100.792,97.155,2109.339,30.865,30.865,0,19,1,0,0,25.737,,0.502
A. SUTIL,2,20,14,100.486,96.96,2209.825,31.439,31.439,0,20,1,0,0,25.737,,0.574
A. SUTIL,2,21,14,100.821,97.405,2310.646,32.943,32.943,0,21,1,0,0,25.737,,1.504
A. SUTIL,2,22,14,101.221,97.915,2411.867,34.676,34.676,0,22,1,0,0,25.737,,1.733
A. SUTIL,2,23,14,101.071,97.875,2512.938,36.537,36.537,0,23,1,0,0,25.737,,1.861
A. SUTIL,2,24,14,101.454,98.368,2614.392,38.943,38.943,0,24,1,0,0,25.737,,2.406
A. SUTIL,2,25,14,96.398,93.423,2710.79,36.523,36.523,0,25,2,24.077,1,49.814,,-2.42
A. SUTIL,3,26,14,119.057,116.192,2829.847,57.051,57.051,0,26,2,0,0,49.814,,20.528
A. SUTIL,3,27,14,100.437,97.682,2930.284,61.386,61.386,0,27,2,0,0,49.814,,4.335
A. SUTIL,3,28,14,99.797,97.152,3030.081,39.332,39.332,0,28,2,0,0,49.814,,-16.805
A. SUTIL,3,29,14,99.69,97.155,3129.771,41.953,41.953,0,29,2,0,0,49.814,,2.621
A. SUTIL,3,30,14,99.543,97.119,3229.314,44.693,44.693,0,30,2,0,0,49.814,,2.74
A. SUTIL,3,31,14,98.994,96.68,3328.308,47.565,47.565,0,31,2,0,0,49.814,,2.872
A. SUTIL,3,32,14,98.184,95.98,3426.492,49.98,49.98,0,32,2,0,0,49.814,,2.415
A. SUTIL,3,33,14,99.236,97.142,3525.728,52.888,52.888,0,33,2,0,0,49.814,,2.908
A. SUTIL,3,34,14,98.186,96.202,3623.914,54.452,54.452,0,34,2,0,0,49.814,,1.564
A. SUTIL,3,35,14,98.378,96.505,3722.292,55.358,55.358,0,35,2,0,0,49.814,,0.906
A. SUTIL,3,36,14,98.232,96.469,3820.524,57.472,57.472,0,36,2,0,0,49.814,,2.114
A. SUTIL,3,37,14,98.52,96.867,3919.044,59.577,59.577,0,37,2,0,0,49.814,,2.105
A. SUTIL,3,38,14,98.099,96.556,4017.143,60.966,60.966,0,38,2,0,0,49.814,,1.389
A. SUTIL,3,39,14,98.735,97.302,4115.878,66.31,66.31,0,39,2,0,0,49.814,,5.344
A. SUTIL,3,40,14,95.301,93.979,4211.179,48.234,48.234,0,40,3,27.24,1,77.054,,-18.076
A. SUTIL,4,41,14,118.987,117.775,4330.166,72.313,72.313,0,41,3,0,0,77.054,,24.079
A. SUTIL,4,42,14,96.744,95.642,4426.91,73.723,73.723,0,42,3,0,0,77.054,,1.41
A. SUTIL,4,43,14,97.027,96.035,4523.937,74.87,74.87,0,43,3,0,0,77.054,,1.147
A. SUTIL,4,44,14,97.153,96.271,4621.09,76.315,76.315,0,44,3,0,0,77.054,,1.445
A. SUTIL,4,45,14,97.234,96.463,4718.324,77.809,77.809,0,45,3,0,0,77.054,,1.494
A. SUTIL,4,46,14,96.996,96.335,4815.32,78.971,78.971,0,46,3,0,0,77.054,,1.162
A. SUTIL,4,47,14,97.244,96.693,4912.564,80.054,80.054,0,47,3,0,0,77.054,,1.083
A. SUTIL,4,48,14,96.851,96.41,5009.415,81.454,81.454,0,48,3,0,0,77.054,,1.4
A. SUTIL,4,49,14,97.151,96.82,5106.566,82.27,82.27,0,49,3,0,0,77.054,,0.816
A. SUTIL,4,50,14,97.625,97.405,5204.191,83.012,83.012,0,50,3,0,0,77.054,,0.742
A. SUTIL,4,51,14,97.735,97.625,5301.926,82.681,82.681,0,51,3,0,0,77.054,,-0.331
A. SUTIL,4,52,14,98.982,98.982,5400.908,79.712,79.712,0,52,3,0,0,77.054,,-2.969
S. PEREZ,1,1,17,126.739,121.119,126.739,12.116,12.116,0,1,0,0,0,0,,12.116
S. PEREZ,1,2,17,114.929,109.419,241.668,16.121,16.121,0,2,0,0,0,0,,4.005
S. PEREZ,1,3,17,113.907,108.507,355.575,19.19,19.19,0,3,0,0,0,0,,3.069
S. PEREZ,1,4,17,114.911,109.621,470.486,23.088,23.088,0,4,0,0,0,0,,3.898
S. PEREZ,1,5,17,115.201,110.022,585.687,26.868,26.868,0,5,0,0,0,0,,3.78
S. PEREZ,1,6,17,113.731,108.662,699.418,28.907,28.907,0,6,0,0,0,0,,2.039
S. PEREZ,1,7,17,113.139,108.18,812.557,30.723,30.723,0,7,0,0,0,0,,1.816
S. PEREZ,1,8,17,112.942,108.093,925.499,32.726,32.726,0,8,0,0,0,0,,2.003
S. PEREZ,1,9,17,113.098,108.359,1038.597,35.314,35.314,0,9,0,0,0,0,,2.588
S. PEREZ,1,10,17,112.726,108.098,1151.323,37.669,37.669,0,10,0,0,0,0,,2.355
S. PEREZ,1,11,17,112.332,107.814,1263.655,39.701,39.701,0,11,0,0,0,0,,2.032
S. PEREZ,1,12,17,108.813,104.405,1372.468,38.349,38.349,0,12,1,25.386,1,25.386,,-1.352
S. PEREZ,2,13,17,127.051,122.753,1499.519,58.017,58.017,0,13,1,0,0,25.386,,19.668
S. PEREZ,2,14,17,104.907,100.719,1604.426,34.188,34.188,0,14,1,0,0,25.386,,-23.829
S. PEREZ,2,15,17,103.922,99.845,1708.348,33.493,33.493,0,15,1,0,0,25.386,,-0.695
S. PEREZ,2,16,17,102.653,98.686,1811.001,34.474,34.474,0,16,1,0,0,25.386,,0.981
S. PEREZ,2,17,17,101.838,97.981,1912.839,34.757,34.757,0,17,1,0,0,25.386,,0.283
S. PEREZ,2,18,17,101.662,97.915,2014.501,36.317,36.317,0,18,1,0,0,25.386,,1.56
S. PEREZ,2,19,17,101.048,97.411,2115.549,37.075,37.075,0,19,1,0,0,25.386,,0.758
S. PEREZ,2,20,17,100.976,97.45,2216.525,38.139,38.139,0,20,1,0,0,25.386,,1.064
S. PEREZ,2,21,17,99.958,96.542,2316.483,38.78,38.78,0,21,1,0,0,25.386,,0.641
S. PEREZ,2,22,17,100.129,96.823,2416.612,39.421,39.421,0,22,1,0,0,25.386,,0.641
S. PEREZ,2,23,17,101.085,97.889,2517.697,41.296,41.296,0,23,1,0,0,25.386,,1.875
S. PEREZ,2,24,17,99.862,96.776,2617.559,42.11,42.11,0,24,1,0,0,25.386,,0.814
S. PEREZ,2,25,17,99.751,96.776,2717.31,43.043,43.043,0,25,1,0,0,25.386,,0.933
S. PEREZ,2,26,17,100.031,97.166,2817.341,44.545,44.545,0,26,1,0,0,25.386,,1.502
S. PEREZ,2,27,17,99.659,96.904,2917,48.102,48.102,0,27,1,0,0,25.386,,3.557
S. PEREZ,2,28,17,99.386,96.741,3016.386,25.637,25.637,0,28,1,0,0,25.386,,-17.216
S. PEREZ,2,29,17,98.288,95.753,3114.674,26.856,26.856,0,29,1,0,0,25.386,,1.219
S. PEREZ,2,30,17,98.139,95.715,3212.813,28.192,28.192,0,30,1,0,0,25.386,,1.336
S. PEREZ,2,31,17,97.987,95.673,3310.8,30.057,30.057,0,31,1,0,0,25.386,,1.865
S. PEREZ,2,32,17,97.02,94.816,3407.82,31.308,31.308,0,32,2,25.619,1,51.005,,1.251
S. PEREZ,3,33,17,115.481,113.387,3523.301,50.461,50.461,0,33,2,0,0,51.005,,19.153
S. PEREZ,3,34,17,96.943,94.959,3620.244,50.782,50.782,0,34,2,0,0,51.005,,0.321
S. PEREZ,3,35,17,96.656,94.783,3716.9,49.966,49.966,0,35,2,0,0,51.005,,-0.816
S. PEREZ,3,36,17,97.589,95.826,3814.489,51.437,51.437,0,36,2,0,0,51.005,,1.471
S. PEREZ,3,37,17,97.102,95.449,3911.591,52.124,52.124,0,37,2,0,0,51.005,,0.687
S. PEREZ,3,38,17,97.674,96.131,4009.265,53.088,53.088,0,38,2,0,0,51.005,,0.964
S. PEREZ,3,39,17,97.352,95.919,4106.617,57.049,57.049,0,39,2,0,0,51.005,,3.961
S. PEREZ,3,40,17,97.081,95.759,4203.698,40.753,40.753,0,40,2,0,0,51.005,,-16.296
S. PEREZ,3,41,17,97.437,96.225,4301.135,43.282,43.282,0,41,2,0,0,51.005,,2.529
S. PEREZ,3,42,17,97.202,96.1,4398.337,45.15,45.15,0,42,2,0,0,51.005,,1.868
S. PEREZ,3,43,17,97.615,96.623,4495.952,46.885,46.885,0,43,2,0,0,51.005,,1.735
S. PEREZ,3,44,17,97.516,96.634,4593.468,48.693,48.693,0,44,2,0,0,51.005,,1.808
S. PEREZ,3,45,17,98.129,97.358,4691.597,51.082,51.082,0,45,2,0,0,51.005,,2.389
S. PEREZ,3,46,17,98.048,97.387,4789.645,53.296,53.296,0,46,2,0,0,51.005,,2.214
S. PEREZ,3,47,17,98.107,97.556,4887.752,55.242,55.242,0,47,2,0,0,51.005,,1.946
S. PEREZ,3,48,17,98.994,98.553,4986.746,58.785,58.785,0,48,2,0,0,51.005,,3.543
S. PEREZ,3,49,17,98.313,97.982,5085.059,60.763,60.763,0,49,2,0,0,51.005,,1.978
S. PEREZ,3,50,17,100.671,100.451,5185.73,64.551,64.551,0,50,2,0,0,51.005,,3.788
S. PEREZ,3,51,17,100.123,100.013,5285.853,66.608,66.608,0,51,2,0,0,51.005,,2.057
S. PEREZ,3,52,17,100.933,100.933,5386.786,65.59,65.59,0,52,2,0,0,51.005,,-1.018
K. KOBAYASHI,1,1,16,121.207,115.587,121.207,6.584,6.584,0,1,0,0,0,0,,6.584
K. KOBAYASHI,1,2,16,115.097,109.587,236.304,10.757,10.757,0,2,0,0,0,0,,4.173
K. KOBAYASHI,1,3,16,113.761,108.361,350.065,13.68,13.68,0,3,0,0,0,0,,2.923
K. KOBAYASHI,1,4,16,113.531,108.241,463.596,16.198,16.198,0,4,0,0,0,0,,2.518
K. KOBAYASHI,1,5,16,113.374,108.195,576.97,18.151,18.151,0,5,0,0,0,0,,1.953
K. KOBAYASHI,1,6,16,113.312,108.243,690.282,19.771,19.771,0,6,0,0,0,0,,1.62
K. KOBAYASHI,1,7,16,112.885,107.926,803.167,21.333,21.333,0,7,0,0,0,0,,1.562
K. KOBAYASHI,1,8,16,113.182,108.333,916.349,23.576,23.576,0,8,0,0,0,0,,2.243
K. KOBAYASHI,1,9,16,121.055,116.316,1037.404,34.121,34.121,0,9,0,0,0,0,,10.545
K. KOBAYASHI,1,10,16,112.044,107.416,1149.448,35.794,35.794,0,10,0,0,0,0,,1.673
K. KOBAYASHI,1,11,16,108.355,103.837,1257.803,33.849,33.849,0,11,1,28.448,1,28.448,,-1.945
K. KOBAYASHI,2,12,16,136.722,132.314,1394.525,60.406,60.406,0,12,1,0,0,28.448,,26.557
K. KOBAYASHI,2,13,16,108.83,104.532,1503.355,61.853,61.853,0,13,1,0,0,28.448,,1.447
K. KOBAYASHI,2,14,16,105.54,101.352,1608.895,38.657,38.657,0,14,1,0,0,28.448,,-23.196
K. KOBAYASHI,2,15,16,104.153,100.076,1713.048,38.193,38.193,0,15,1,0,0,28.448,,-0.464
K. KOBAYASHI,2,16,16,103.824,99.857,1816.872,40.345,40.345,0,16,1,0,0,28.448,,2.152
K. KOBAYASHI,2,17,16,103.042,99.185,1919.914,41.832,41.832,0,17,1,0,0,28.448,,1.487
K. KOBAYASHI,2,18,16,102.677,98.93,2022.591,44.407,44.407,0,18,1,0,0,28.448,,2.575
K. KOBAYASHI,2,19,16,105.298,101.661,2127.889,49.415,49.415,0,19,1,0,0,28.448,,5.008
K. KOBAYASHI,2,20,16,98.113,94.587,2226.002,47.616,47.616,0,20,2,31.551,1,59.999,,-1.799
K. KOBAYASHI,3,21,16,127.383,123.967,2353.385,75.682,75.682,0,21,2,0,0,59.999,,28.066
K. KOBAYASHI,3,22,16,101.233,97.927,2454.618,77.427,77.427,0,22,2,0,0,59.999,,1.745
K. KOBAYASHI,3,23,16,100.703,97.507,2555.321,78.92,78.92,0,23,2,0,0,59.999,,1.493
J. ALGUERSUARI,1,1,19,127.697,122.077,127.697,13.074,13.074,0,1,0,0,0,0,,13.074
J. ALGUERSUARI,1,2,19,116.303,110.793,244,18.453,18.453,0,2,0,0,0,0,,5.379
J. ALGUERSUARI,1,3,19,115.254,109.854,359.254,22.869,22.869,0,3,0,0,0,0,,4.416
J. ALGUERSUARI,1,4,19,115.423,110.133,474.677,27.279,27.279,0,4,0,0,0,0,,4.41
J. ALGUERSUARI,1,5,19,116.185,111.006,590.862,32.043,32.043,0,5,0,0,0,0,,4.764
J. ALGUERSUARI,1,6,19,114.772,109.703,705.634,35.123,35.123,0,6,0,0,0,0,,3.08
J. ALGUERSUARI,1,7,19,113.768,108.809,819.402,37.568,37.568,0,7,0,0,0,0,,2.445
J. ALGUERSUARI,1,8,19,112.91,108.061,932.312,39.539,39.539,0,8,0,0,0,0,,1.971
J. ALGUERSUARI,1,9,19,114.176,109.437,1046.488,43.205,43.205,0,9,0,0,0,0,,3.666
J. ALGUERSUARI,1,10,19,113.692,109.064,1160.18,46.526,46.526,0,10,0,0,0,0,,3.321
J. ALGUERSUARI,1,11,19,111.275,106.757,1271.455,47.501,47.501,0,11,0,0,0,0,,0.975
J. ALGUERSUARI,1,12,19,108.377,103.969,1379.832,45.713,45.713,0,12,1,24.719,1,24.719,,-1.788
J. ALGUERSUARI,2,13,19,126.545,122.247,1506.377,64.875,64.875,0,13,1,0,0,24.719,,19.162
J. ALGUERSUARI,2,14,19,105.43,101.242,1611.807,41.569,41.569,0,14,1,0,0,24.719,,-23.306
J. ALGUERSUARI,2,15,19,103.428,99.351,1715.235,40.38,40.38,0,15,1,0,0,24.719,,-1.189
J. ALGUERSUARI,2,16,19,102.976,99.009,1818.211,41.684,41.684,0,16,1,0,0,24.719,,1.304
J. ALGUERSUARI,2,17,19,102.783,98.926,1920.994,42.912,42.912,0,17,1,0,0,24.719,,1.228
J. ALGUERSUARI,2,18,19,102.755,99.008,2023.749,45.565,45.565,0,18,1,0,0,24.719,,2.653
J. ALGUERSUARI,2,19,19,101.891,98.254,2125.64,47.166,47.166,0,19,1,0,0,24.719,,1.601
J. ALGUERSUARI,2,20,19,100.932,97.406,2226.572,48.186,48.186,0,20,1,0,0,24.719,,1.02
J. ALGUERSUARI,2,21,19,100.198,96.782,2326.77,49.067,49.067,0,21,1,0,0,24.719,,0.881
J. ALGUERSUARI,2,22,19,100.421,97.115,2427.191,50,50,0,22,1,0,0,24.719,,0.933
J. ALGUERSUARI,2,23,19,99.934,96.738,2527.125,50.724,50.724,0,23,1,0,0,24.719,,0.724
J. ALGUERSUARI,2,24,19,99.6,96.514,2626.725,51.276,51.276,0,24,1,0,0,24.719,,0.552
J. ALGUERSUARI,2,25,19,99.888,96.913,2726.613,52.346,52.346,0,25,1,0,0,24.719,,1.07
J. ALGUERSUARI,2,26,19,100.88,98.015,2827.493,54.697,54.697,0,26,1,0,0,24.719,,2.351
J. ALGUERSUARI,2,27,19,101.059,98.304,2928.552,59.654,59.654,0,27,1,0,0,24.719,,4.957
J. ALGUERSUARI,2,28,19,100.77,98.125,3029.322,38.573,38.573,0,28,1,0,0,24.719,,-15.832
J. ALGUERSUARI,2,29,19,99.989,97.454,3129.311,41.493,41.493,0,29,1,0,0,24.719,,2.92
J. ALGUERSUARI,2,30,19,99.421,96.997,3228.732,44.111,44.111,0,30,1,0,0,24.719,,2.618
J. ALGUERSUARI,2,31,19,96.197,93.883,3324.929,44.186,44.186,0,31,2,24.095,1,48.814,,0.075
J. ALGUERSUARI,3,32,19,116.651,114.447,3441.58,65.068,65.068,0,32,2,0,0,48.814,,20.882
J. ALGUERSUARI,3,33,19,98.607,96.513,3540.187,67.347,67.347,0,33,2,0,0,48.814,,2.279
J. ALGUERSUARI,3,34,19,97.422,95.438,3637.609,68.147,68.147,0,34,2,0,0,48.814,,0.8
J. ALGUERSUARI,3,35,19,98.132,96.259,3735.741,68.807,68.807,0,35,2,0,0,48.814,,0.66
J. ALGUERSUARI,3,36,19,97.424,95.661,3833.165,70.113,70.113,0,36,2,0,0,48.814,,1.306
J. ALGUERSUARI,3,37,19,97.249,95.596,3930.414,70.947,70.947,0,37,2,0,0,48.814,,0.834
J. ALGUERSUARI,3,38,19,97.16,95.617,4027.574,71.397,71.397,0,38,2,0,0,48.814,,0.45
J. ALGUERSUARI,3,39,19,97.426,95.993,4125,75.432,75.432,0,39,2,0,0,48.814,,4.035
J. ALGUERSUARI,3,40,19,97.657,96.335,4222.657,59.712,59.712,0,40,2,0,0,48.814,,-15.72
J. ALGUERSUARI,3,41,19,97.247,96.035,4319.904,62.051,62.051,0,41,2,0,0,48.814,,2.339
J. ALGUERSUARI,3,42,19,97.232,96.13,4417.136,63.949,63.949,0,42,2,0,0,48.814,,1.898
J. ALGUERSUARI,3,43,19,97.641,96.649,4514.777,65.71,65.71,0,43,2,0,0,48.814,,1.761
J. ALGUERSUARI,3,44,19,97.562,96.68,4612.339,67.564,67.564,0,44,2,0,0,48.814,,1.854
J. ALGUERSUARI,3,45,19,97.338,96.567,4709.677,69.162,69.162,0,45,2,0,0,48.814,,1.598
J. ALGUERSUARI,3,46,19,97.852,97.191,4807.529,71.18,71.18,0,46,2,0,0,48.814,,2.018
J. ALGUERSUARI,3,47,19,97.867,97.316,4905.396,72.886,72.886,0,47,2,0,0,48.814,,1.706
J. ALGUERSUARI,3,48,19,97.977,97.536,5003.373,75.412,75.412,0,48,2,0,0,48.814,,2.526
J. ALGUERSUARI,3,49,19,98.227,97.896,5101.6,77.304,77.304,0,49,2,0,0,48.814,,1.892
J. ALGUERSUARI,3,50,19,98.923,98.703,5200.523,79.344,79.344,0,50,2,0,0,48.814,,2.04
J. ALGUERSUARI,3,51,19,99.213,99.103,5299.736,80.491,80.491,0,51,2,0,0,48.814,,1.147
J. ALGUERSUARI,3,52,19,100.568,100.568,5400.304,79.108,79.108,0,52,2,0,0,48.814,,-1.383
S. BUEMI,1,1,18,128.553,122.933,128.553,13.93,13.93,0,1,0,0,0,0,,13.93
S. BUEMI,1,2,18,116.304,110.794,244.857,19.31,19.31,0,2,0,0,0,0,,5.38
S. BUEMI,1,3,18,115.5,110.1,360.357,23.972,23.972,0,3,0,0,0,0,,4.662
S. BUEMI,1,4,18,115.077,109.787,475.434,28.036,28.036,0,4,0,0,0,0,,4.064
S. BUEMI,1,5,18,114.924,109.745,590.358,31.539,31.539,0,5,0,0,0,0,,3.503
S. BUEMI,1,6,18,114.652,109.583,705.01,34.499,34.499,0,6,0,0,0,0,,2.96
S. BUEMI,1,7,18,114.035,109.076,819.045,37.211,37.211,0,7,0,0,0,0,,2.712
S. BUEMI,1,8,18,114.668,109.819,933.713,40.94,40.94,0,8,0,0,0,0,,3.729
S. BUEMI,1,9,18,113.963,109.224,1047.676,44.393,44.393,0,9,0,0,0,0,,3.453
S. BUEMI,1,10,18,113.539,108.911,1161.215,47.561,47.561,0,10,0,0,0,0,,3.168
S. BUEMI,1,11,18,108.957,104.439,1270.172,46.218,46.218,0,11,1,26.279,1,26.279,,-1.343
S. BUEMI,2,12,18,132.323,127.915,1402.495,68.376,68.376,0,12,1,0,0,26.279,,22.158
S. BUEMI,2,13,18,108.098,103.8,1510.593,69.091,69.091,0,13,1,0,0,26.279,,0.715
S. BUEMI,2,14,18,105.061,100.873,1615.654,45.416,45.416,0,14,1,0,0,26.279,,-23.675
S. BUEMI,2,15,18,103.89,99.813,1719.544,44.689,44.689,0,15,1,0,0,26.279,,-0.727
S. BUEMI,2,16,18,102.835,98.868,1822.379,45.852,45.852,0,16,1,0,0,26.279,,1.163
S. BUEMI,2,17,18,102.018,98.161,1924.397,46.315,46.315,0,17,1,0,0,26.279,,0.463
S. BUEMI,2,18,18,102.076,98.329,2026.473,48.289,48.289,0,18,1,0,0,26.279,,1.974
S. BUEMI,2,19,18,102.409,98.772,2128.882,50.408,50.408,0,19,1,0,0,26.279,,2.119
S. BUEMI,2,20,18,101.82,98.294,2230.702,52.316,52.316,0,20,1,0,0,26.279,,1.908
S. BUEMI,2,21,18,100.546,97.13,2331.248,53.545,53.545,0,21,1,0,0,26.279,,1.229
S. BUEMI,2,22,18,100.602,97.296,2431.85,54.659,54.659,0,22,1,0,0,26.279,,1.114
S. BUEMI,2,23,18,100.425,97.229,2532.275,55.874,55.874,0,23,1,0,0,26.279,,1.215
S. BUEMI,2,24,18,100.224,97.138,2632.499,57.05,57.05,0,24,1,0,0,26.279,,1.176
S. BUEMI,2,25,18,97.345,94.37,2729.844,55.577,55.577,0,25,2,24.62,1,50.899,,-1.473